"DESCRIPTION","DURATION IN MS","NAME","PARENT SUITE","START TIME","STATUS","STOP TIME","SUB SUITE","SUITE","TEST CLASS","TEST METHOD"
"","35003","TC_16_Verify_Yes_Option_After_Start_Assessment","chromium","2026-10-08","passed","2026-10-08","Start Visit - Visit Reason Module","StartVisit_VisitReason.spec.js","",""
"","83322","TC_BL_029_Verify_Family_Bleeding_Disorder_Accepts_A_Description","chromium","2026-10-08","passed","2026-10-08","Abnormal Bleeding Protocol - Full Test Suite","Protocol_AbnormalBleeding.spec.js","",""
"","74419","TC_AP_013_Verify_Relieving_Factors_Question","chromium","2026-10-08","passed","2026-10-08","Abdominal Pain Protocol - Full Test Suite","Protocol_AbdominalPain.spec.js","",""
"","79361","TC_BL_027_Verify_No_Family_History_Advances_To_Illness_Question","chromium","2026-10-08","passed","2026-10-08","Abnormal Bleeding Protocol - Full Test Suite","Protocol_AbnormalBleeding.spec.js","",""
"","71233","TC_FR_009_Verify_Rate_within_days_Advances","chromium","2026-10-08","passed","2026-10-08","Fever & Rash Protocol - Full Test Suite","Protocol_FeverAndRash.spec.js","",""
"","61455","TC_47_Verify_BMI_Cannot_Be_Manually_Edited","chromium","2026-10-08","broken","2026-10-08","Start Visit Module","StartVisit.spec.js","",""
"","38700","TC_50_Verify_Weight_Max_Length","chromium","2026-10-08","passed","2026-10-08","Start Visit Module","StartVisit.spec.js","",""
"","50027","TC_PE_024_Verify_Skip_Bypasses_Oedema_Question","chromium","2026-10-08","passed","2026-10-08","Physical Examination Module - Full Test Suite","StartVisit_PhysicalExamination.spec.js","",""
"","128247","TC_FV_055_Verify_Epidemic_None_Advances","chromium","2026-10-08","passed","2026-10-08","Fever Protocol - Full Test Suite","Protocol_Fever.spec.js","",""
"","90194","TC_BL_047_Verify_Weight_Gain_Accepts_A_Number","chromium","2026-10-08","passed","2026-10-08","Abnormal Bleeding Protocol - Full Test Suite","Protocol_AbnormalBleeding.spec.js","",""
"","75438","TC_FV_034_Verify_Single_Joint_Accepts_A_Description","chromium","2026-10-08","passed","2026-10-08","Fever Protocol - Full Test Suite","Protocol_Fever.spec.js","",""
"","55795","TC_27_Verify_PPBS_Required_Validation","chromium","2026-10-08","failed","2026-10-08","Start Visit Module","StartVisit.spec.js","",""
"","56166","TC_AB_019_Verify_Bite_Site_Question_Shows_All_Options","chromium","2026-10-08","passed","2026-10-08","Animal Bites & Insect Stings Protocol - Full Test Suite","Protocol_AnimalBites.spec.js","",""
"","72773","TC_FV_013_Verify_Timing_Evening_Advances","chromium","2026-10-08","passed","2026-10-08","Fever Protocol - Full Test Suite","Protocol_Fever.spec.js","",""
"","35448","TC_07_Verify_Start_Assessment_Navigation","chromium","2026-10-08","passed","2026-10-08","Start Visit - Visit Reason Module","StartVisit_VisitReason.spec.js","",""
"","72077","TC_AP_012_Verify_Aggravating_Factors_Question","chromium","2026-10-08","passed","2026-10-08","Abdominal Pain Protocol - Full Test Suite","Protocol_AbdominalPain.spec.js","",""
"","34154","TC_18_Verify_Patient_Description_Field","chromium","2026-10-08","passed","2026-10-08","Start Visit - Visit Reason Module","StartVisit_VisitReason.spec.js","",""
"","138747","TC_FR_054_Verify_Vaccination_Question_Shows_All_Options","chromium","2026-10-08","passed","2026-10-08","Fever & Rash Protocol - Full Test Suite","Protocol_FeverAndRash.spec.js","",""
"","129532","TC_FV_054_Verify_Epidemic_Yes_Reveals_Text_Field","chromium","2026-10-08","passed","2026-10-08","Fever Protocol - Full Test Suite","Protocol_Fever.spec.js","",""
"","33524","TC_16_Verify_Decimal_Height_And_Weight","chromium","2026-10-08","passed","2026-10-08","Start Visit - Vitals Module","StartVisit_Vitals.spec.js","",""
"","32970","TC_41_Verify_Vitals_Maximum_Length","chromium","2026-10-08","passed","2026-10-08","Start Visit - Vitals Module","StartVisit_Vitals.spec.js","",""
"","138551","TC_FR_052_Verify_Contaminated_Food_No_Advances","chromium","2026-10-08","passed","2026-10-08","Fever & Rash Protocol - Full Test Suite","Protocol_FeverAndRash.spec.js","",""
"","134246","TC_FR_044_Verify_Contact_Yes_Asks_When","chromium","2026-10-08","passed","2026-10-08","Fever & Rash Protocol - Full Test Suite","Protocol_FeverAndRash.spec.js","",""
"","54364","TC_AP_006_Verify_Pain_Timing_Question","chromium","2026-10-08","passed","2026-10-08","Abdominal Pain Protocol - Full Test Suite","Protocol_AbdominalPain.spec.js","",""
"","39442","TC_66_Verify_BP_Diastolic_Can_Be_Entered_And_Cleared","chromium","2026-10-08","passed","2026-10-08","Start Visit Module","StartVisit.spec.js","",""
"","112729","TC_AB_041_Verify_Full_Assessment_Completes","chromium","2026-10-08","passed","2026-10-08","Animal Bites & Insect Stings Protocol - Full Test Suite","Protocol_AnimalBites.spec.js","",""
"","38651","TC_70_Verify_Blood_Group_Selection_Can_Be_Changed","chromium","2026-10-08","passed","2026-10-08","Start Visit Module","StartVisit.spec.js","",""
"","143742","TC_FR_060_Verify_Prior_Treatment_Question_Shows_Both_Options","chromium","2026-10-08","passed","2026-10-08","Fever & Rash Protocol - Full Test Suite","Protocol_FeverAndRash.spec.js","",""
"","74703","TC_BL_005_Verify_Mouth_Can_Be_Selected","chromium","2026-10-08","passed","2026-10-08","Abnormal Bleeding Protocol - Full Test Suite","Protocol_AbnormalBleeding.spec.js","",""
"","70647","TC_BL_016_Verify_Female_Patient_Is_Offered_13_Bleeding_Sites","chromium","2026-10-08","passed","2026-10-08","Abnormal Bleeding Protocol - Full Test Suite","Protocol_AbnormalBleeding.spec.js","",""
"","126121","TC_FV_025_Verify_All_Symptoms_No_Advances_To_Illness_Question","chromium","2026-10-08","passed","2026-10-08","Fever Protocol - Full Test Suite","Protocol_Fever.spec.js","",""
"","13591","TC_06_Verify_Emergency_Contact_Fields","chromium","2026-10-08","passed","2026-10-08","Patient Creation Module","PatientCreation.spec.js","",""
"","110861","TC_AB_043_Verify_Wash_Hands_Reminder_After_Assessment","chromium","2026-10-08","passed","2026-10-08","Animal Bites & Insect Stings Protocol - Full Test Suite","Protocol_AnimalBites.spec.js","",""
"","131591","TC_FV_052_Verify_Recent_Travel_Yes_Asks_Where","chromium","2026-10-08","passed","2026-10-08","Fever Protocol - Full Test Suite","Protocol_Fever.spec.js","",""
"","42064","TC_75_Verify_Next_Proceeds_After_Required_Fields_Are_Valid","chromium","2026-10-08","passed","2026-10-08","Start Visit Module","StartVisit.spec.js","",""
"","73203","TC_BL_012_Verify_Several_Bleeding_Sites_Can_Be_Chosen_Together","chromium","2026-10-08","passed","2026-10-08","Abnormal Bleeding Protocol - Full Test Suite","Protocol_AbnormalBleeding.spec.js","",""
"","74248","TC_PE_030_Verify_Confirm_Finalizes_Physical_Examination","chromium","2026-10-08","passed","2026-10-08","Physical Examination Module - Full Test Suite","StartVisit_PhysicalExamination.spec.js","",""
"","71994","TC_PE_028_Verify_Back_Button_Present_On_Summary","chromium","2026-10-08","passed","2026-10-08","Physical Examination Module - Full Test Suite","StartVisit_PhysicalExamination.spec.js","",""
"","75747","TC_FV_030_Verify_Chest_Pain_Yes_Asks_Site_And_Breathing_Questions","chromium","2026-10-08","passed","2026-10-08","Fever Protocol - Full Test Suite","Protocol_Fever.spec.js","",""
"","81198","TC_FR_025_Verify_Fever_Timing_Question_Shows_All_Options_And_Skip","chromium","2026-10-08","passed","2026-10-08","Fever & Rash Protocol - Full Test Suite","Protocol_FeverAndRash.spec.js","",""
"","35282","TC_PE_002_Verify_Assessment_Progress_Initial_State","chromium","2026-10-08","passed","2026-10-08","Physical Examination Module - Full Test Suite","StartVisit_PhysicalExamination.spec.js","",""
"","123515","TC_AD_028_Verify_Medical_History_Confirm_Navigates_To_Visit_Summary","chromium","2026-10-08","passed","2026-10-08","Abdominal Distention Protocol - Full Test Suite","Protocol_AbdominalDistention.spec.js","",""
"","89579","TC_BL_044_Verify_Single_Joint_Accepts_A_Description","chromium","2026-10-08","passed","2026-10-08","Abnormal Bleeding Protocol - Full Test Suite","Protocol_AbnormalBleeding.spec.js","",""
"","34461","TC_38_Verify_BMI_Direct_Input_Is_Not_Allowed","chromium","2026-10-08","passed","2026-10-08","Start Visit - Vitals Module","StartVisit_Vitals.spec.js","",""
"","33013","TC_18_Verify_Temperature_Accepts_Decimal","chromium","2026-10-08","passed","2026-10-08","Start Visit - Vitals Module","StartVisit_Vitals.spec.js","",""
"","240324","TC_AB_050_Verify_Visit_Summary_Checkup_Reason_Section","chromium","2026-10-08","passed","2026-10-08","Animal Bites & Insect Stings Protocol - Full Test Suite","Protocol_AnimalBites.spec.js","",""
"","178464","TC_BL_063_Verify_Medical_History_Completes_Within_Protocol","chromium","2026-10-08","failed","2026-10-08","Abnormal Bleeding Protocol - Full Test Suite","Protocol_AbnormalBleeding.spec.js","",""
"","97102","TC_FR_036_Verify_Joint_Pain_Yes_Asks_Involvement_And_Migration","chromium","2026-10-08","failed","2026-10-08","Fever & Rash Protocol - Full Test Suite","Protocol_FeverAndRash.spec.js","",""
"","73437","TC_FV_017_Verify_Severity_Low_Advances","chromium","2026-10-08","passed","2026-10-08","Fever Protocol - Full Test Suite","Protocol_Fever.spec.js","",""
"","39640","TC_35_Verify_BMI_Updates_When_Height_Changes","chromium","2026-10-08","passed","2026-10-08","Start Visit Module","StartVisit.spec.js","",""
"","44529","TC_PE_017_Verify_Nail_Anemia_Question_Displays","chromium","2026-10-08","passed","2026-10-08","Physical Examination Module - Full Test Suite","StartVisit_PhysicalExamination.spec.js","",""
"","42876","TC_55_Verify_All_Required_Errors_Clear_After_Entering_Values","chromium","2026-10-08","passed","2026-10-08","Start Visit Module","StartVisit.spec.js","",""
"","39297","TC_39_Verify_WHR_Updates_When_Waist_Changes","chromium","2026-10-08","passed","2026-10-08","Start Visit Module","StartVisit.spec.js","",""
"","131434","TC_FV_062_Verify_Visit_Reason_Summary_Lists_The_Answers","chromium","2026-10-08","passed","2026-10-08","Fever Protocol - Full Test Suite","Protocol_Fever.spec.js","",""
"","94618","TC_AD_027_Verify_Medical_History_Completes_Within_Protocol","chromium","2026-10-08","passed","2026-10-08","Abdominal Distention Protocol - Full Test Suite","Protocol_AbdominalDistention.spec.js","",""
"","89936","TC_BL_039_Verify_Medication_Dont_Know_Advances","chromium","2026-10-08","passed","2026-10-08","Abnormal Bleeding Protocol - Full Test Suite","Protocol_AbnormalBleeding.spec.js","",""
"","68730","TC_FV_002_Verify_Duration_Question_Accepts_Number_And_Unit","chromium","2026-10-08","passed","2026-10-08","Fever Protocol - Full Test Suite","Protocol_Fever.spec.js","",""
"","40364","TC_PE_033_Verify_Pinch_Skin_Mandatory_Enforcement","chromium","2026-10-08","passed","2026-10-08","Physical Examination Module - Full Test Suite","StartVisit_PhysicalExamination.spec.js","",""
"","34171","TC_13_Verify_Other_Option_Can_Be_Selected","chromium","2026-10-08","passed","2026-10-08","Start Visit - Visit Reason Module","StartVisit_VisitReason.spec.js","",""
"","83888","TC_FR_033_Verify_Abdominal_Pain_FollowUps_Offer_Their_Answers","chromium","2026-10-08","passed","2026-10-08","Fever & Rash Protocol - Full Test Suite","Protocol_FeverAndRash.spec.js","",""
"","53872","TC_AB_016_Verify_Bite_Count_Question_Shows_Both_Options","chromium","2026-10-08","passed","2026-10-08","Animal Bites & Insect Stings Protocol - Full Test Suite","Protocol_AnimalBites.spec.js","",""
"","110997","TC_AB_042_Verify_Visit_Reason_Summary_Lists_The_Answers","chromium","2026-10-08","passed","2026-10-08","Animal Bites & Insect Stings Protocol - Full Test Suite","Protocol_AnimalBites.spec.js","",""
"","131871","TC_FR_031_Verify_Diarrhea_Yes_Is_Accepted","chromium","2026-10-08","passed","2026-10-08","Fever & Rash Protocol - Full Test Suite","Protocol_FeverAndRash.spec.js","",""
"","40295","TC_01_Verify_Start_Visit_Screen","chromium","2026-10-08","passed","2026-10-08","Start Visit Module","StartVisit.spec.js","",""
"","74017","TC_FV_019_Verify_Severity_High_Advances","chromium","2026-10-08","passed","2026-10-08","Fever Protocol - Full Test Suite","Protocol_Fever.spec.js","",""
"","34077","TC_33_Verify_SpO2_Can_Remain_Empty","chromium","2026-10-08","passed","2026-10-08","Start Visit - Vitals Module","StartVisit_Vitals.spec.js","",""
"","76779","TC_FR_014_Verify_Several_Spread_Options_Can_Be_Chosen_Together","chromium","2026-10-08","passed","2026-10-08","Fever & Rash Protocol - Full Test Suite","Protocol_FeverAndRash.spec.js","",""
"","35028","TC_10_Verify_Start_Assessment_After_Selecting_Other","chromium","2026-10-08","passed","2026-10-08","Start Visit - Visit Reason Module","StartVisit_VisitReason.spec.js","",""
"","72690","TC_FV_011_Verify_Timing_All_day_Advances","chromium","2026-10-08","passed","2026-10-08","Fever Protocol - Full Test Suite","Protocol_Fever.spec.js","",""
"","159976","MH_017_Verify_Confirm_Navigates_To_Visit_Summary","chromium","2026-10-08","passed","2026-10-08","Medical History Module - Full Test Suite","StartVisit_MedicalHistory.spec.js","",""
"","141880","TC_BL_057_Verify_Full_Assessment_Completes","chromium","2026-10-08","passed","2026-10-08","Abnormal Bleeding Protocol - Full Test Suite","Protocol_AbnormalBleeding.spec.js","",""
"","33305","TC_02_Verify_Height_Input_Attributes","chromium","2026-10-08","passed","2026-10-08","Start Visit - Vitals Module","StartVisit_Vitals.spec.js","",""
"","42669","TC_PE_008_Verify_Pinch_Skin_Auto_Advances","chromium","2026-10-08","passed","2026-10-08","Physical Examination Module - Full Test Suite","StartVisit_PhysicalExamination.spec.js","",""
"","45390","TC_PE_042_Verify_Refresh_Preserves_Answers","chromium","2026-10-08","passed","2026-10-08","Physical Examination Module - Full Test Suite","StartVisit_PhysicalExamination.spec.js","",""
"","71642","TC_FV_006_Verify_Nature_Alternate_days_Advances","chromium","2026-10-08","passed","2026-10-08","Fever Protocol - Full Test Suite","Protocol_Fever.spec.js","",""
"","49533","TC_AB_003_Verify_Selecting_Dog_Advances_To_Date_Question","chromium","2026-10-08","passed","2026-10-08","Animal Bites & Insect Stings Protocol - Full Test Suite","Protocol_AnimalBites.spec.js","",""
"","39946","TC_AD_038_Verify_Appetite_Decreased","chromium","2026-10-08","passed","2026-10-08","Abdominal Distention Protocol - Full Test Suite","Protocol_AbdominalDistention.spec.js","",""
"","47245","TC_AP_001_Verify_Visit_Reason_Selection_Starts_Assessment","chromium","2026-10-08","passed","2026-10-08","Abdominal Pain Protocol - Full Test Suite","Protocol_AbdominalPain.spec.js","",""
"","63119","TC_AP_037_Verify_Urinary_Symptoms_Yes_Reveal_Describe_Fields","chromium","2026-10-08","passed","2026-10-08","Abdominal Pain Protocol - Full Test Suite","Protocol_AbdominalPain.spec.js","",""
"","35022","TC_AD_002_Verify_Symptom_Duration_Question","chromium","2026-10-08","passed","2026-10-08","Abdominal Distention Protocol - Full Test Suite","Protocol_AbdominalDistention.spec.js","",""
"","38844","TC_09_Verify_FBS","chromium","2026-10-08","passed","2026-10-08","Start Visit Module","StartVisit.spec.js","",""
"","33822","TC_36_Verify_BMI_After_Multiple_Updates","chromium","2026-10-08","passed","2026-10-08","Start Visit - Vitals Module","StartVisit_Vitals.spec.js","",""
"","139577","TC_BL_053_Verify_Prior_Treatment_Yes_Reveals_Text_Field","chromium","2026-10-08","passed","2026-10-08","Abnormal Bleeding Protocol - Full Test Suite","Protocol_AbnormalBleeding.spec.js","",""
"","38832","TC_PE_010_Verify_Pinch_Skin_Mandatory_Indicator","chromium","2026-10-08","passed","2026-10-08","Physical Examination Module - Full Test Suite","StartVisit_PhysicalExamination.spec.js","",""
"","114399","TC_AB_040_Verify_Additional_Information_Skip_Completes_Assessment","chromium","2026-10-08","passed","2026-10-08","Animal Bites & Insect Stings Protocol - Full Test Suite","Protocol_AnimalBites.spec.js","",""
"","66881","TC_FR_004_Verify_Enter_Location_Reveals_Text_Field","chromium","2026-10-08","passed","2026-10-08","Fever & Rash Protocol - Full Test Suite","Protocol_FeverAndRash.spec.js","",""
"","55991","TC_AB_017_Verify_Single_Bite_Advances_To_Site_Question","chromium","2026-10-08","passed","2026-10-08","Animal Bites & Insect Stings Protocol - Full Test Suite","Protocol_AnimalBites.spec.js","",""
"","69173","TC_FR_006_Verify_Rate_Of_Spread_Question_Shows_All_Options","chromium","2026-10-08","passed","2026-10-08","Fever & Rash Protocol - Full Test Suite","Protocol_FeverAndRash.spec.js","",""
"","126521","TC_FV_053_Verify_Epidemic_Question_Shows_Both_Options_And_Skip","chromium","2026-10-08","passed","2026-10-08","Fever Protocol - Full Test Suite","Protocol_Fever.spec.js","",""
"","130309","TC_FV_057_Verify_Prior_Treatment_Yes_Reveals_Text_Field","chromium","2026-10-08","passed","2026-10-08","Fever Protocol - Full Test Suite","Protocol_Fever.spec.js","",""
"","32471","TC_35_Verify_Blood_Group_Can_Remain_Unselected","chromium","2026-10-08","passed","2026-10-08","Start Visit - Vitals Module","StartVisit_Vitals.spec.js","",""
"","62887","TC_AP_036_Verify_Color_Change_In_Stool_Yes_Reveals_Describe_Field","chromium","2026-10-08","passed","2026-10-08","Abdominal Pain Protocol - Full Test Suite","Protocol_AbdominalPain.spec.js","",""
"","39519","TC_62_Verify_WHR_Clears_When_Hip_Is_Cleared","chromium","2026-10-08","passed","2026-10-08","Start Visit Module","StartVisit.spec.js","",""
"","59136","TC_AB_030_Verify_Paresthesia_Yes_Asks_Sensation_Progression_And_Areas","chromium","2026-10-08","passed","2026-10-08","Animal Bites & Insect Stings Protocol - Full Test Suite","Protocol_AnimalBites.spec.js","",""
"","32036","TC_04_Verify_BMI_Field_Is_ReadOnly","chromium","2026-10-08","passed","2026-10-08","Start Visit - Vitals Module","StartVisit_Vitals.spec.js","",""
"","136811","TC_BL_042_Verify_Fever_Yes_Is_Accepted","chromium","2026-10-08","passed","2026-10-08","Abnormal Bleeding Protocol - Full Test Suite","Protocol_AbnormalBleeding.spec.js","",""
"","76505","TC_BL_021_Verify_Moderate_Amount_Advances","chromium","2026-10-08","passed","2026-10-08","Abnormal Bleeding Protocol - Full Test Suite","Protocol_AbnormalBleeding.spec.js","",""
"","84231","TC_FR_039_Verify_Cough_Yes_Asks_Dry_Or_Productive","chromium","2026-10-08","passed","2026-10-08","Fever & Rash Protocol - Full Test Suite","Protocol_FeverAndRash.spec.js","",""
"","49153","TC_AB_008_Verify_Scorpion_Can_Be_Selected","chromium","2026-10-08","passed","2026-10-08","Animal Bites & Insect Stings Protocol - Full Test Suite","Protocol_AnimalBites.spec.js","",""
"","76736","TC_FV_038_Verify_Urination_Frequency_Change_Accepts_A_Description","chromium","2026-10-08","passed","2026-10-08","Fever Protocol - Full Test Suite","Protocol_Fever.spec.js","",""
"","33327","TC_02_Verify_Visit_Reason_Input","chromium","2026-10-08","passed","2026-10-08","Start Visit - Visit Reason Module","StartVisit_VisitReason.spec.js","",""
"","13127","TC_15_Verify_Education_Selection","chromium","2026-10-08","passed","2026-10-08","Patient Creation Module","PatientCreation.spec.js","",""
"","57347","MH_005_Verify_Personal_History_Yes_Item_Accepted","chromium","2026-10-08","passed","2026-10-08","Medical History Module - Full Test Suite","StartVisit_MedicalHistory.spec.js","",""
"","59149","TC_AB_053_Verify_Paresthesia_Offers_All_Sensations","chromium","2026-10-08","passed","2026-10-08","Animal Bites & Insect Stings Protocol - Full Test Suite","Protocol_AnimalBites.spec.js","",""
"","162049","TC_FV_066_Verify_Physical_Exam_Confirm_Navigates_To_Medical_History","chromium","2026-10-08","passed","2026-10-08","Fever Protocol - Full Test Suite","Protocol_Fever.spec.js","",""
"","39185","TC_52_Verify_Respiratory_Rate_Max_Length","chromium","2026-10-08","passed","2026-10-08","Start Visit Module","StartVisit.spec.js","",""
"","44694","TC_19_Verify_Other_Visit_Reason","chromium","2026-10-08","passed","2026-10-08","Start Visit Module","StartVisit.spec.js","",""
"","37846","TC_13_Verify_OGTT","chromium","2026-10-08","passed","2026-10-08","Start Visit Module","StartVisit.spec.js","",""
"","70841","MH_007_Verify_Adaptive_Handler_Reaches_Summary","chromium","2026-10-08","passed","2026-10-08","Medical History Module - Full Test Suite","StartVisit_MedicalHistory.spec.js","",""
"","77288","TC_AP_039_Verify_Relieving_Medications_Describe_Reveals_Text_Field","chromium","2026-10-08","passed","2026-10-08","Abdominal Pain Protocol - Full Test Suite","Protocol_AbdominalPain.spec.js","",""
"","172873","TC_AP_029_Verify_Visit_Summary_Checkup_Reason_Section","chromium","2026-10-08","passed","2026-10-08","Abdominal Pain Protocol - Full Test Suite","Protocol_AbdominalPain.spec.js","",""
"","78151","TC_FV_029_Verify_Productive_Cough_Asks_Colour_Of_Sputum","chromium","2026-10-08","passed","2026-10-08","Fever Protocol - Full Test Suite","Protocol_Fever.spec.js","",""
"","75986","TC_FR_012_Verify_Spread_from_Forehead_behind_the_ear_to_the_rest_Advances","chromium","2026-10-08","passed","2026-10-08","Fever & Rash Protocol - Full Test Suite","Protocol_FeverAndRash.spec.js","",""
"","38530","TC_69_Verify_FBS_Can_Be_Entered_And_Cleared","chromium","2026-10-08","passed","2026-10-08","Start Visit Module","StartVisit.spec.js","",""
"","74980","TC_FV_027_Verify_Loss_Of_Smell_Taste_Asks_Which","chromium","2026-10-08","passed","2026-10-08","Fever Protocol - Full Test Suite","Protocol_Fever.spec.js","",""
"","52362","MH_008_Verify_Personal_History_Mandatory_Validation","chromium","2026-10-08","passed","2026-10-08","Medical History Module - Full Test Suite","StartVisit_MedicalHistory.spec.js","",""
"","40593","TC_AD_039_Verify_Associated_Symptom_Diarrhea","chromium","2026-10-08","passed","2026-10-08","Abdominal Distention Protocol - Full Test Suite","Protocol_AbdominalDistention.spec.js","",""
"","41981","TC_PE_012_Verify_Nail_Abnormality_MultiSelect_Label","chromium","2026-10-08","passed","2026-10-08","Physical Examination Module - Full Test Suite","StartVisit_PhysicalExamination.spec.js","",""
"","131551","TC_FR_042_Verify_Contact_Question_Is_Required_Yes_No","chromium","2026-10-08","passed","2026-10-08","Fever & Rash Protocol - Full Test Suite","Protocol_FeverAndRash.spec.js","",""
"","96838","TC_FR_038_Verify_Multiple_Joints_Accepts_A_Description","chromium","2026-10-08","failed","2026-10-08","Fever & Rash Protocol - Full Test Suite","Protocol_FeverAndRash.spec.js","",""
"","37092","TC_PE_035_Verify_Progress_Dot_Indicator_Updates","chromium","2026-10-08","passed","2026-10-08","Physical Examination Module - Full Test Suite","StartVisit_PhysicalExamination.spec.js","",""
"","38697","TC_06_Verify_Temperature","chromium","2026-10-08","passed","2026-10-08","Start Visit Module","StartVisit.spec.js","",""
"","207549","MH_025_Verify_End_To_End_Medical_History_And_Upload","chromium","2026-10-08","passed","2026-10-08","Medical History Module - Full Test Suite","StartVisit_MedicalHistory.spec.js","",""
"","93274","TC_AP_019_Verify_Abdominal_Bloating_Question_Displays","chromium","2026-10-08","passed","2026-10-08","Abdominal Pain Protocol - Full Test Suite","Protocol_AbdominalPain.spec.js","",""
"","50394","TC_AB_011_Verify_Snake_Reveals_Type_Of_Snake_FollowUp","chromium","2026-10-08","passed","2026-10-08","Animal Bites & Insect Stings Protocol - Full Test Suite","Protocol_AnimalBites.spec.js","",""
"","37030","TC_19_Verify_Patient_Description_Input","chromium","2026-10-08","passed","2026-10-08","Start Visit - Visit Reason Module","StartVisit_VisitReason.spec.js","",""
"","22930","TC_16_Verify_Successful_Patient_Creation","chromium","2026-10-08","passed","2026-10-08","Patient Creation Module","PatientCreation.spec.js","",""
"","33592","TC_24_Verify_Blood_Group_Default_Option","chromium","2026-10-08","passed","2026-10-08","Start Visit - Vitals Module","StartVisit_Vitals.spec.js","",""
"","71996","TC_PE_019_Verify_Nail_Anemia_Pale_Option_Recorded","chromium","2026-10-08","passed","2026-10-08","Physical Examination Module - Full Test Suite","StartVisit_PhysicalExamination.spec.js","",""
"","14082","TC_04_Verify_Gender_Selection","chromium","2026-10-08","passed","2026-10-08","Patient Creation Module","PatientCreation.spec.js","",""
"","48048","TC_AP_002_Verify_Pain_Location_Question","chromium","2026-10-08","passed","2026-10-08","Abdominal Pain Protocol - Full Test Suite","Protocol_AbdominalPain.spec.js","",""
"","83454","TC_FR_027_Verify_Fever_Timing_Can_Be_Skipped","chromium","2026-10-08","passed","2026-10-08","Fever & Rash Protocol - Full Test Suite","Protocol_FeverAndRash.spec.js","",""
"","61396","TC_22_Verify_BMI_Cannot_Be_Manually_Edited","chromium","2026-10-08","broken","2026-10-08","Start Visit - Vitals Module","StartVisit_Vitals.spec.js","",""
"","32954","TC_04_Verify_Other_Visit_Reason_Option","chromium","2026-10-08","passed","2026-10-08","Start Visit - Visit Reason Module","StartVisit_VisitReason.spec.js","",""
"","137001","TC_BL_054_Verify_Prior_Treatment_None_Advances","chromium","2026-10-08","passed","2026-10-08","Abnormal Bleeding Protocol - Full Test Suite","Protocol_AbnormalBleeding.spec.js","",""
"","89436","TC_BL_038_Verify_Medication_No_Advances_To_Symptoms","chromium","2026-10-08","passed","2026-10-08","Abnormal Bleeding Protocol - Full Test Suite","Protocol_AbnormalBleeding.spec.js","",""
"","74948","TC_FV_033_Verify_Joint_Pain_Yes_Asks_Involvement_And_Migration","chromium","2026-10-08","passed","2026-10-08","Fever Protocol - Full Test Suite","Protocol_Fever.spec.js","",""
"","38065","TC_AD_035_Verify_Weight_Change_Weight_Gain","chromium","2026-10-08","passed","2026-10-08","Abdominal Distention Protocol - Full Test Suite","Protocol_AbdominalDistention.spec.js","",""
"","52319","TC_AD_013_Verify_Additional_Information_Skip_Completes_Assessment","chromium","2026-10-08","passed","2026-10-08","Abdominal Distention Protocol - Full Test Suite","Protocol_AbdominalDistention.spec.js","",""
"","6780","Login with invalid username","chromium","2026-10-08","passed","2026-10-08","Login Module","Loginpage.spec.js","",""
"","74466","TC_BL_018_Verify_Duration_Question_Accepts_Number_And_Unit","chromium","2026-10-08","passed","2026-10-08","Abnormal Bleeding Protocol - Full Test Suite","Protocol_AbnormalBleeding.spec.js","",""
"","38231","TC_67_Verify_Temperature_Can_Be_Entered_And_Cleared","chromium","2026-10-08","passed","2026-10-08","Start Visit Module","StartVisit.spec.js","",""
"","51444","TC_AP_004_Verify_Symptom_Duration_Question","chromium","2026-10-08","passed","2026-10-08","Abdominal Pain Protocol - Full Test Suite","Protocol_AbdominalPain.spec.js","",""
"","41702","TC_54_Verify_Error_Message_Clears_After_Entering_Value","chromium","2026-10-08","passed","2026-10-08","Start Visit Module","StartVisit.spec.js","",""
"","90198","TC_BL_046_Verify_Weight_Change_Yes_Asks_Gain_Loss_And_Duration","chromium","2026-10-08","passed","2026-10-08","Abnormal Bleeding Protocol - Full Test Suite","Protocol_AbnormalBleeding.spec.js","",""
"","38386","TC_73_Verify_Weight_Decimal_Precision","chromium","2026-10-08","passed","2026-10-08","Start Visit Module","StartVisit.spec.js","",""
"","35063","TC_11_Verify_BMI_Recalculates_When_Weight_Changes","chromium","2026-10-08","passed","2026-10-08","Start Visit - Vitals Module","StartVisit_Vitals.spec.js","",""
"","110381","TC_AB_024_Verify_Fever_Yes_Is_Accepted","chromium","2026-10-08","passed","2026-10-08","Animal Bites & Insect Stings Protocol - Full Test Suite","Protocol_AnimalBites.spec.js","",""
"","175509","TC_AP_030_Verify_End_To_End_Abdominal_Pain_Protocol","chromium","2026-10-08","passed","2026-10-08","Abdominal Pain Protocol - Full Test Suite","Protocol_AbdominalPain.spec.js","",""
"","74380","TC_BL_009_Verify_Bloody_feces_Can_Be_Selected","chromium","2026-10-08","passed","2026-10-08","Abnormal Bleeding Protocol - Full Test Suite","Protocol_AbnormalBleeding.spec.js","",""
"","47652","TC_AB_010_Verify_Tick_mite_Can_Be_Selected","chromium","2026-10-08","passed","2026-10-08","Animal Bites & Insect Stings Protocol - Full Test Suite","Protocol_AnimalBites.spec.js","",""
"","143459","TC_BL_060_Verify_Physical_Exam_Starts_After_Assessment","chromium","2026-10-08","passed","2026-10-08","Abnormal Bleeding Protocol - Full Test Suite","Protocol_AbnormalBleeding.spec.js","",""
"","47360","TC_AB_005_Verify_Small_rodents_rats_mice_Can_Be_Selected","chromium","2026-10-08","passed","2026-10-08","Animal Bites & Insect Stings Protocol - Full Test Suite","Protocol_AnimalBites.spec.js","",""
"","133983","TC_FR_048_Verify_Bites_Question_Is_Required_Yes_No","chromium","2026-10-08","passed","2026-10-08","Fever & Rash Protocol - Full Test Suite","Protocol_FeverAndRash.spec.js","",""
"","146254","TC_FR_058_Verify_Medication_Yes_Reveals_Text_Field","chromium","2026-10-08","passed","2026-10-08","Fever & Rash Protocol - Full Test Suite","Protocol_FeverAndRash.spec.js","",""
"","131082","TC_FV_058_Verify_Prior_Treatment_None_Advances","chromium","2026-10-08","passed","2026-10-08","Fever Protocol - Full Test Suite","Protocol_Fever.spec.js","",""
"","4992","Login with blank username and password","chromium","2026-10-08","passed","2026-10-08","Login Module","Loginpage.spec.js","",""
"","145309","TC_FR_062_Verify_Prior_Treatment_None_Advances","chromium","2026-10-08","passed","2026-10-08","Fever & Rash Protocol - Full Test Suite","Protocol_FeverAndRash.spec.js","",""
"","81795","TC_BL_025_Verify_Treatment_Required_Yes_Asks_Number_Of_Episodes","chromium","2026-10-08","passed","2026-10-08","Abnormal Bleeding Protocol - Full Test Suite","Protocol_AbnormalBleeding.spec.js","",""
"","32460","TC_01_Verify_Visit_Reason_Screen","chromium","2026-10-08","passed","2026-10-08","Start Visit - Visit Reason Module","StartVisit_VisitReason.spec.js","",""
"","147332","TC_FR_067_Verify_Wash_Hands_Reminder_After_Assessment","chromium","2026-10-08","passed","2026-10-08","Fever & Rash Protocol - Full Test Suite","Protocol_FeverAndRash.spec.js","",""
"","141551","TC_FR_056_Verify_HIV_Question_Asks_Since_When_And_Can_Be_Skipped","chromium","2026-10-08","passed","2026-10-08","Fever & Rash Protocol - Full Test Suite","Protocol_FeverAndRash.spec.js","",""
"","71461","TC_BL_013_Verify_Bloody_Urine_Asks_About_Urinary_Tract_Disease","chromium","2026-10-08","passed","2026-10-08","Abnormal Bleeding Protocol - Full Test Suite","Protocol_AbnormalBleeding.spec.js","",""
"","34984","TC_25_Verify_Blood_Group_Selection_Persists","chromium","2026-10-08","passed","2026-10-08","Start Visit - Vitals Module","StartVisit_Vitals.spec.js","",""
"","73996","TC_BL_004_Verify_Minor_wound_i_e_not_requiring_stitches_Can_Be_Selected","chromium","2026-10-08","passed","2026-10-08","Abnormal Bleeding Protocol - Full Test Suite","Protocol_AbnormalBleeding.spec.js","",""
"","147664","TC_FR_061_Verify_Prior_Treatment_Yes_Reveals_Text_Field","chromium","2026-10-08","passed","2026-10-08","Fever & Rash Protocol - Full Test Suite","Protocol_FeverAndRash.spec.js","",""
"","39477","TC_04_Verify_Blood_Pressure","chromium","2026-10-08","passed","2026-10-08","Start Visit Module","StartVisit.spec.js","",""
"","36002","TC_PE_006_Verify_Pallor_Options_Available","chromium","2026-10-08","passed","2026-10-08","Physical Examination Module - Full Test Suite","StartVisit_PhysicalExamination.spec.js","",""
"","38429","TC_37_Verify_WHR_Is_Readonly","chromium","2026-10-08","passed","2026-10-08","Start Visit Module","StartVisit.spec.js","",""
"","34478","TC_PE_003_Verify_Jaundice_No_Answer_Recorded","chromium","2026-10-08","passed","2026-10-08","Physical Examination Module - Full Test Suite","StartVisit_PhysicalExamination.spec.js","",""
"","61463","TC_48_Verify_WHR_Cannot_Be_Manually_Edited","chromium","2026-10-08","broken","2026-10-08","Start Visit Module","StartVisit.spec.js","",""
"","73888","TC_BL_008_Verify_Dark_black_tarry_feces_Can_Be_Selected","chromium","2026-10-08","passed","2026-10-08","Abnormal Bleeding Protocol - Full Test Suite","Protocol_AbnormalBleeding.spec.js","",""
"","148634","TC_FR_064_Verify_Additional_Information_Skip_Completes_Assessment","chromium","2026-10-08","passed","2026-10-08","Fever & Rash Protocol - Full Test Suite","Protocol_FeverAndRash.spec.js","",""
"","81322","TC_FR_022_Verify_Thermometer_Option_Asks_Yes_Or_No","chromium","2026-10-08","passed","2026-10-08","Fever & Rash Protocol - Full Test Suite","Protocol_FeverAndRash.spec.js","",""
"","39813","TC_34_Verify_BMI_Calculation","chromium","2026-10-08","passed","2026-10-08","Start Visit Module","StartVisit.spec.js","",""
"","83964","TC_FR_035_Verify_Muscle_Pain_Yes_Asks_Whether_It_Is_Severe","chromium","2026-10-08","passed","2026-10-08","Fever & Rash Protocol - Full Test Suite","Protocol_FeverAndRash.spec.js","",""
"","42583","TC_24_Verify_Weight_Required_Validation","chromium","2026-10-08","passed","2026-10-08","Start Visit Module","StartVisit.spec.js","",""
"","42496","TC_41_Verify_Optional_Vital_Fields","chromium","2026-10-08","passed","2026-10-08","Start Visit Module","StartVisit.spec.js","",""
"","34338","TC_14_Verify_Start_Assessment_Available_After_Other","chromium","2026-10-08","passed","2026-10-08","Start Visit - Visit Reason Module","StartVisit_VisitReason.spec.js","",""
"","217662","TC_AB_051_Verify_End_To_End_Animal_Bite_Protocol","chromium","2026-10-08","passed","2026-10-08","Animal Bites & Insect Stings Protocol - Full Test Suite","Protocol_AnimalBites.spec.js","",""
"","19922","TC01 - Valid Username","chromium","2026-10-08","failed","2026-10-08","Forgot Password Module","ForgetPassword.spec.js","",""
"","38040","TC_71_Verify_Blood_Group_Can_Be_Reset_To_Default","chromium","2026-10-08","passed","2026-10-08","Start Visit Module","StartVisit.spec.js","",""
"","101052","TC_AP_026_Verify_Physical_Exam_Confirm_Navigates_To_Medical_History","chromium","2026-10-08","passed","2026-10-08","Abdominal Pain Protocol - Full Test Suite","Protocol_AbdominalPain.spec.js","",""
"","124192","TC_AP_027_Verify_Medical_History_Completes_Within_Protocol","chromium","2026-10-08","passed","2026-10-08","Abdominal Pain Protocol - Full Test Suite","Protocol_AbdominalPain.spec.js","",""
"","127998","TC_FV_048_Verify_Recent_travel_Asks_Its_Question","chromium","2026-10-08","passed","2026-10-08","Fever Protocol - Full Test Suite","Protocol_Fever.spec.js","",""
"","75263","TC_BL_011_Verify_After_surgery_trauma_Can_Be_Selected","chromium","2026-10-08","passed","2026-10-08","Abnormal Bleeding Protocol - Full Test Suite","Protocol_AbnormalBleeding.spec.js","",""
"","43062","TC_42_Verify_Blood_Group_Is_Optional","chromium","2026-10-08","passed","2026-10-08","Start Visit Module","StartVisit.spec.js","",""
"","47524","TC_AD_042_Verify_Treatment_History_Yes_Shows_Input","chromium","2026-10-08","passed","2026-10-08","Abdominal Distention Protocol - Full Test Suite","Protocol_AbdominalDistention.spec.js","",""
"","58099","TC_AB_020_Verify_Bite_Site_Can_Be_Skipped","chromium","2026-10-08","passed","2026-10-08","Animal Bites & Insect Stings Protocol - Full Test Suite","Protocol_AnimalBites.spec.js","",""
"","74774","TC_FV_039_Verify_Urine_Colour_Change_Accepts_A_Description","chromium","2026-10-08","passed","2026-10-08","Fever Protocol - Full Test Suite","Protocol_Fever.spec.js","",""
"","72378","TC_PE_026_Verify_All_Summary_Fields_Correct","chromium","2026-10-08","passed","2026-10-08","Physical Examination Module - Full Test Suite","StartVisit_PhysicalExamination.spec.js","",""
"","57043","TC_AP_033_Verify_Timing_Other_Describe_Reveals_Text_Field","chromium","2026-10-08","passed","2026-10-08","Abdominal Pain Protocol - Full Test Suite","Protocol_AbdominalPain.spec.js","",""
"","141518","TC_AB_046_Verify_Physical_Exam_Reaches_Summary","chromium","2026-10-08","passed","2026-10-08","Animal Bites & Insect Stings Protocol - Full Test Suite","Protocol_AnimalBites.spec.js","",""
"","73189","TC_PE_025_Verify_Summary_Heading_Displayed","chromium","2026-10-08","passed","2026-10-08","Physical Examination Module - Full Test Suite","StartVisit_PhysicalExamination.spec.js","",""
"","144229","TC_FR_059_Verify_Medication_None_Advances","chromium","2026-10-08","passed","2026-10-08","Fever & Rash Protocol - Full Test Suite","Protocol_FeverAndRash.spec.js","",""
"","85503","TC_AP_041_Verify_Prior_Treatment_Yes_Describe_Reveals_Text_Field","chromium","2026-10-08","passed","2026-10-08","Abdominal Pain Protocol - Full Test Suite","Protocol_AbdominalPain.spec.js","",""
"","171630","TC_FR_070_Verify_Physical_Exam_Confirm_Navigates_To_Medical_History","chromium","2026-10-08","passed","2026-10-08","Fever & Rash Protocol - Full Test Suite","Protocol_FeverAndRash.spec.js","",""
"","69074","TC_BL_001_Verify_Visit_Reason_Selection_Starts_Assessment","chromium","2026-10-08","passed","2026-10-08","Abnormal Bleeding Protocol - Full Test Suite","Protocol_AbnormalBleeding.spec.js","",""
"","37209","TC_AD_034_Verify_Swelling_Cycle_Yes","chromium","2026-10-08","passed","2026-10-08","Abdominal Distention Protocol - Full Test Suite","Protocol_AbdominalDistention.spec.js","",""
"","86433","TC_BL_036_Verify_Medication_Question_Shows_All_Options","chromium","2026-10-08","passed","2026-10-08","Abnormal Bleeding Protocol - Full Test Suite","Protocol_AbnormalBleeding.spec.js","",""
"","38344","TC_36_Verify_BMI_Updates_When_Weight_Changes","chromium","2026-10-08","passed","2026-10-08","Start Visit Module","StartVisit.spec.js","",""
"","32957","TC_08_Verify_BMI_Overweight_Category","chromium","2026-10-08","passed","2026-10-08","Start Visit - Vitals Module","StartVisit_Vitals.spec.js","",""
"","32778","TC_20_Verify_Height_Maximum_Length","chromium","2026-10-08","passed","2026-10-08","Start Visit - Vitals Module","StartVisit_Vitals.spec.js","",""
"","77344","TC_AP_017_Verify_Wash_Hands_Reminder_After_Assessment","chromium","2026-10-08","passed","2026-10-08","Abdominal Pain Protocol - Full Test Suite","Protocol_AbdominalPain.spec.js","",""
"","58522","TC_AB_027_Verify_Discharge_Yes_Asks_Nature_Of_Discharge","chromium","2026-10-08","passed","2026-10-08","Animal Bites & Insect Stings Protocol - Full Test Suite","Protocol_AnimalBites.spec.js","",""
"","38381","TC_10_Verify_PPBS","chromium","2026-10-08","passed","2026-10-08","Start Visit Module","StartVisit.spec.js","",""
"","76664","TC_FR_013_Verify_Spread_Centripetal_Advances","chromium","2026-10-08","passed","2026-10-08","Fever & Rash Protocol - Full Test Suite","Protocol_FeverAndRash.spec.js","",""
"","32934","TC_43_Verify_WHR_Placeholder","chromium","2026-10-08","passed","2026-10-08","Start Visit - Vitals Module","StartVisit_Vitals.spec.js","",""
"","45479","TC_PE_015_Verify_Nail_Abnormality_Validation_On_Empty_Submit","chromium","2026-10-08","passed","2026-10-08","Physical Examination Module - Full Test Suite","StartVisit_PhysicalExamination.spec.js","",""
"","45823","TC_PE_014_Verify_Nail_Abnormality_Multiple_Selections","chromium","2026-10-08","passed","2026-10-08","Physical Examination Module - Full Test Suite","StartVisit_PhysicalExamination.spec.js","",""
"","43001","TC_PE_016_Verify_Take_A_Picture_Option","chromium","2026-10-08","passed","2026-10-08","Physical Examination Module - Full Test Suite","StartVisit_PhysicalExamination.spec.js","",""
"","70957","TC_FV_004_Verify_Nature_All_day_Constant_Advances","chromium","2026-10-08","passed","2026-10-08","Fever Protocol - Full Test Suite","Protocol_Fever.spec.js","",""
"","88434","TC_BL_040_Verify_Associated_Symptoms_Lists_All_11_Rows","chromium","2026-10-08","passed","2026-10-08","Abnormal Bleeding Protocol - Full Test Suite","Protocol_AbnormalBleeding.spec.js","",""
"","62796","TC_AP_035_Verify_Change_In_Appetite_Yes_Reveals_Increased_Decreased","chromium","2026-10-08","passed","2026-10-08","Abdominal Pain Protocol - Full Test Suite","Protocol_AbdominalPain.spec.js","",""
"","96987","TC_AP_020_Verify_Tenderness_Question_And_Location_SubQuestion","chromium","2026-10-08","passed","2026-10-08","Abdominal Pain Protocol - Full Test Suite","Protocol_AbdominalPain.spec.js","",""
"","81233","TC_FR_021_Verify_Severity_High_Advances","chromium","2026-10-08","passed","2026-10-08","Fever & Rash Protocol - Full Test Suite","Protocol_FeverAndRash.spec.js","",""
"","185259","TC_FV_068_Verify_Medical_History_Confirm_Navigates_To_Visit_Summary","chromium","2026-10-08","passed","2026-10-08","Fever Protocol - Full Test Suite","Protocol_Fever.spec.js","",""
"","38837","TC_08_Verify_Respiratory_Rate","chromium","2026-10-08","passed","2026-10-08","Start Visit Module","StartVisit.spec.js","",""
"","74510","TC_FV_024_Verify_Associated_Symptoms_Lists_All_24_Rows","chromium","2026-10-08","passed","2026-10-08","Fever Protocol - Full Test Suite","Protocol_Fever.spec.js","",""
"","83361","TC_AP_044_Verify_Menstrual_History_Appears_For_Female_Patient","chromium","2026-10-08","failed","2026-10-08","Abdominal Pain Protocol - Full Test Suite","Protocol_AbdominalPain.spec.js","",""
"","67003","TC_AP_010_Verify_Associated_Symptoms_All_No_Advances","chromium","2026-10-08","passed","2026-10-08","Abdominal Pain Protocol - Full Test Suite","Protocol_AbdominalPain.spec.js","",""
"","45429","TC_PE_013_Verify_Nail_Abnormality_Requires_Submit","chromium","2026-10-08","passed","2026-10-08","Physical Examination Module - Full Test Suite","StartVisit_PhysicalExamination.spec.js","",""
"","142852","TC_AB_047_Verify_Physical_Exam_Confirm_Navigates_To_Medical_History","chromium","2026-10-08","passed","2026-10-08","Animal Bites & Insect Stings Protocol - Full Test Suite","Protocol_AnimalBites.spec.js","",""
"","110223","MH_016_Verify_Confirm_Button_Visible","chromium","2026-10-08","passed","2026-10-08","Medical History Module - Full Test Suite","StartVisit_MedicalHistory.spec.js","",""
"","41139","TC_PE_037_Verify_Sticky_Footer_Does_Not_Block_Options","chromium","2026-10-08","passed","2026-10-08","Physical Examination Module - Full Test Suite","StartVisit_PhysicalExamination.spec.js","",""
"","127586","TC_FV_046_Verify_Events_Question_Can_Be_Skipped","chromium","2026-10-08","passed","2026-10-08","Fever Protocol - Full Test Suite","Protocol_Fever.spec.js","",""
"","133759","TC_FR_046_Verify_Animal_Exposure_No_Advances","chromium","2026-10-08","passed","2026-10-08","Fever & Rash Protocol - Full Test Suite","Protocol_FeverAndRash.spec.js","",""
"","48525","TC_AB_004_Verify_Cat_Can_Be_Selected","chromium","2026-10-08","passed","2026-10-08","Animal Bites & Insect Stings Protocol - Full Test Suite","Protocol_AnimalBites.spec.js","",""
"","32807","TC_01_Verify_Vitals_Section_Headers","chromium","2026-10-08","passed","2026-10-08","Start Visit - Vitals Module","StartVisit_Vitals.spec.js","",""
"","33331","TC_08_Verify_Visit_Reason_Can_Be_Cleared","chromium","2026-10-08","passed","2026-10-08","Start Visit - Visit Reason Module","StartVisit_VisitReason.spec.js","",""
"","36444","TC_PE_004_Verify_Jaundice_Answer_Editable","chromium","2026-10-08","passed","2026-10-08","Physical Examination Module - Full Test Suite","StartVisit_PhysicalExamination.spec.js","",""
"","71296","TC_AD_024_Verify_Summary_Umbilicus_Section","chromium","2026-10-08","passed","2026-10-08","Abdominal Distention Protocol - Full Test Suite","Protocol_AbdominalDistention.spec.js","",""
"","34940","TC_32_Verify_Temperature_Can_Remain_Empty","chromium","2026-10-08","passed","2026-10-08","Start Visit - Vitals Module","StartVisit_Vitals.spec.js","",""
"","47642","TC_AD_012_Verify_Treatment_History_Question","chromium","2026-10-08","passed","2026-10-08","Abdominal Distention Protocol - Full Test Suite","Protocol_AbdominalDistention.spec.js","",""
"","5932","Login with invalid password","chromium","2026-10-08","passed","2026-10-08","Login Module","Loginpage.spec.js","",""
"","34163","TC_14_Verify_WHR_Recalculates_When_Waist_Changes","chromium","2026-10-08","passed","2026-10-08","Start Visit - Vitals Module","StartVisit_Vitals.spec.js","",""
"","13701","TC_09_Verify_Mandatory_Field_Validation","chromium","2026-10-08","passed","2026-10-08","Patient Creation Module","PatientCreation.spec.js","",""
"","74055","TC_BL_002_Verify_Male_Patient_Is_Offered_11_Bleeding_Sites","chromium","2026-10-08","passed","2026-10-08","Abnormal Bleeding Protocol - Full Test Suite","Protocol_AbnormalBleeding.spec.js","",""
"","48586","TC_AB_014_Verify_Other_Animal_Reveals_Text_Field","chromium","2026-10-08","passed","2026-10-08","Animal Bites & Insect Stings Protocol - Full Test Suite","Protocol_AnimalBites.spec.js","",""
"","34128","TC_34_Verify_FBS_Can_Remain_Empty","chromium","2026-10-08","passed","2026-10-08","Start Visit - Vitals Module","StartVisit_Vitals.spec.js","",""
"","113958","TC_AB_038_Verify_Prior_Treatment_None_Advances","chromium","2026-10-08","passed","2026-10-08","Animal Bites & Insect Stings Protocol - Full Test Suite","Protocol_AnimalBites.spec.js","",""
"","158514","MH_023_Verify_Priority_Visit_Toggle_Present","chromium","2026-10-08","passed","2026-10-08","Medical History Module - Full Test Suite","StartVisit_MedicalHistory.spec.js","",""
"","47029","TC_AB_002_Verify_Bite_Type_Question_Shows_All_Options","chromium","2026-10-08","passed","2026-10-08","Animal Bites & Insect Stings Protocol - Full Test Suite","Protocol_AnimalBites.spec.js","",""
"","129316","TC_FV_056_Verify_Prior_Treatment_Question_Shows_Both_Options","chromium","2026-10-08","passed","2026-10-08","Fever Protocol - Full Test Suite","Protocol_Fever.spec.js","",""
"","148586","TC_FR_068_Verify_Physical_Exam_Starts_After_Assessment","chromium","2026-10-08","passed","2026-10-08","Fever & Rash Protocol - Full Test Suite","Protocol_FeverAndRash.spec.js","",""
"","38389","TC_AD_036_Verify_Weight_Change_Weight_Loss","chromium","2026-10-08","passed","2026-10-08","Abdominal Distention Protocol - Full Test Suite","Protocol_AbdominalDistention.spec.js","",""
"","258267","TC_FV_069_Verify_Visit_Summary_Checkup_Reason_Section","chromium","2026-10-08","passed","2026-10-08","Fever Protocol - Full Test Suite","Protocol_Fever.spec.js","",""
"","69835","TC_BL_017_Verify_Post_Partum_Hemorrhage_Asks_Timing_After_Delivery","chromium","2026-10-08","passed","2026-10-08","Abnormal Bleeding Protocol - Full Test Suite","Protocol_AbnormalBleeding.spec.js","",""
"","75187","TC_AD_022_Verify_Summary_General_Exams_Section","chromium","2026-10-08","passed","2026-10-08","Abdominal Distention Protocol - Full Test Suite","Protocol_AbdominalDistention.spec.js","",""
"","73521","TC_PE_039_Verify_Edit_Jaundice_After_Summary","chromium","2026-10-08","passed","2026-10-08","Physical Examination Module - Full Test Suite","StartVisit_PhysicalExamination.spec.js","",""
"","80589","TC_BL_028_Verify_Family_Member_Bleeding_Asks_Which_Relative","chromium","2026-10-08","passed","2026-10-08","Abnormal Bleeding Protocol - Full Test Suite","Protocol_AbnormalBleeding.spec.js","",""
"","147838","TC_FR_066_Verify_Visit_Reason_Summary_Lists_The_Answers","chromium","2026-10-08","passed","2026-10-08","Fever & Rash Protocol - Full Test Suite","Protocol_FeverAndRash.spec.js","",""
"","77352","TC_FV_028_Verify_Cough_Yes_Asks_Dry_Or_Productive","chromium","2026-10-08","passed","2026-10-08","Fever Protocol - Full Test Suite","Protocol_Fever.spec.js","",""
"","44150","TC_26_Verify_Respiratory_Rate_Required_Validation","chromium","2026-10-08","passed","2026-10-08","Start Visit Module","StartVisit.spec.js","",""
"","70785","MH_006_Document_Remaining_Adult_Question_Sequence","chromium","2026-10-08","passed","2026-10-08","Medical History Module - Full Test Suite","StartVisit_MedicalHistory.spec.js","",""
"","57268","TC_AP_007_Verify_Pain_Character_Question_Mandatory","chromium","2026-10-08","passed","2026-10-08","Abdominal Pain Protocol - Full Test Suite","Protocol_AbdominalPain.spec.js","",""
"","35638","TC_PE_046_Verify_Jaundice_Question_Title_Displayed","chromium","2026-10-08","passed","2026-10-08","Physical Examination Module - Full Test Suite","StartVisit_PhysicalExamination.spec.js","",""
"","72728","TC_BL_006_Verify_Bloody_vomiting_Can_Be_Selected","chromium","2026-10-08","passed","2026-10-08","Abnormal Bleeding Protocol - Full Test Suite","Protocol_AbnormalBleeding.spec.js","",""
"","48049","TC_PE_018_Verify_Nail_Anemia_Auto_Advances","chromium","2026-10-08","passed","2026-10-08","Physical Examination Module - Full Test Suite","StartVisit_PhysicalExamination.spec.js","",""
"","74195","TC_PE_022_Verify_No_Oedema_Advances_To_Summary","chromium","2026-10-08","passed","2026-10-08","Physical Examination Module - Full Test Suite","StartVisit_PhysicalExamination.spec.js","",""
"","55566","TC_AP_032_Verify_Onset_Other_Describe_Reveals_Text_Field","chromium","2026-10-08","passed","2026-10-08","Abdominal Pain Protocol - Full Test Suite","Protocol_AbdominalPain.spec.js","",""
"","78909","TC_FR_016_Verify_Fever_Duration_Accepts_Number_And_Unit","chromium","2026-10-08","passed","2026-10-08","Fever & Rash Protocol - Full Test Suite","Protocol_FeverAndRash.spec.js","",""
"","78481","TC_BL_026_Verify_Family_History_Question_Shows_All_Options","chromium","2026-10-08","passed","2026-10-08","Abnormal Bleeding Protocol - Full Test Suite","Protocol_AbnormalBleeding.spec.js","",""
"","99708","TC_AP_023_Verify_Summary_General_Exams_Section","chromium","2026-10-08","passed","2026-10-08","Abdominal Pain Protocol - Full Test Suite","Protocol_AbdominalPain.spec.js","",""
"","54941","TC_22_Verify_Each_Required_Field_Error_Message","chromium","2026-10-08","failed","2026-10-08","Start Visit Module","StartVisit.spec.js","",""
"","37854","TC_46_Verify_BMI_Status","chromium","2026-10-08","passed","2026-10-08","Start Visit Module","StartVisit.spec.js","",""
"","58606","TC_AP_008_Verify_Pain_Severity_Question","chromium","2026-10-08","passed","2026-10-08","Abdominal Pain Protocol - Full Test Suite","Protocol_AbdominalPain.spec.js","",""
"","109726","TC_AB_037_Verify_Prior_Treatment_Yes_Reveals_Text_Field","chromium","2026-10-08","passed","2026-10-08","Animal Bites & Insect Stings Protocol - Full Test Suite","Protocol_AnimalBites.spec.js","",""
"","76912","TC_FV_032_Verify_Abdominal_Pain_FollowUps_Offer_Their_Answers","chromium","2026-10-08","passed","2026-10-08","Fever Protocol - Full Test Suite","Protocol_Fever.spec.js","",""
"","49326","TC_PE_021_Verify_Skip_Button_Before_Selection","chromium","2026-10-08","passed","2026-10-08","Physical Examination Module - Full Test Suite","StartVisit_PhysicalExamination.spec.js","",""
"","59400","TC_AB_026_Verify_Itching_Yes_Asks_What_Aggravates_It","chromium","2026-10-08","passed","2026-10-08","Animal Bites & Insect Stings Protocol - Full Test Suite","Protocol_AnimalBites.spec.js","",""
"","104260","TC_AD_030_Verify_End_To_End_Abdominal_Distention_Protocol","chromium","2026-10-08","passed","2026-10-08","Abdominal Distention Protocol - Full Test Suite","Protocol_AbdominalDistention.spec.js","",""
"","53374","TC_29_Verify_Waist_Circumference_Required_Validation","chromium","2026-10-08","failed","2026-10-08","Start Visit Module","StartVisit.spec.js","",""
"","138009","TC_FV_059_Verify_Additional_Information_Text_Completes_Assessment","chromium","2026-10-08","passed","2026-10-08","Fever Protocol - Full Test Suite","Protocol_Fever.spec.js","",""
"","38215","TC_72_Verify_Height_Decimal_Precision","chromium","2026-10-08","passed","2026-10-08","Start Visit Module","StartVisit.spec.js","",""
"","34825","TC_13_Verify_WHR_Calculation","chromium","2026-10-08","passed","2026-10-08","Start Visit - Vitals Module","StartVisit_Vitals.spec.js","",""
"","140852","TC_FR_053_Verify_Contaminated_Food_Yes_Asks_When","chromium","2026-10-08","passed","2026-10-08","Fever & Rash Protocol - Full Test Suite","Protocol_FeverAndRash.spec.js","",""
"","39163","TC_11_Verify_Waist_Circumference","chromium","2026-10-08","passed","2026-10-08","Start Visit Module","StartVisit.spec.js","",""
"","160123","TC_FV_065_Verify_Physical_Exam_Reaches_Summary","chromium","2026-10-08","passed","2026-10-08","Fever Protocol - Full Test Suite","Protocol_Fever.spec.js","",""
"","72737","TC_AD_023_Verify_Summary_Abdomen_Section","chromium","2026-10-08","passed","2026-10-08","Abdominal Distention Protocol - Full Test Suite","Protocol_AbdominalDistention.spec.js","",""
"","72182","TC_FV_015_Verify_Timing_Other_Reveals_Text_Field","chromium","2026-10-08","passed","2026-10-08","Fever Protocol - Full Test Suite","Protocol_Fever.spec.js","",""
"","38654","TC_PE_048_Verify_PinchSkin_Question_Title_Displayed","chromium","2026-10-08","passed","2026-10-08","Physical Examination Module - Full Test Suite","StartVisit_PhysicalExamination.spec.js","",""
"","86052","TC_BL_032_Verify_No_Specific_Disease_Advances_To_Snakebite_Question","chromium","2026-10-08","passed","2026-10-08","Abnormal Bleeding Protocol - Full Test Suite","Protocol_AbnormalBleeding.spec.js","",""
"","38763","TC_49_Verify_Height_Max_Length","chromium","2026-10-08","passed","2026-10-08","Start Visit Module","StartVisit.spec.js","",""
"","83610","TC_FR_023_Verify_Thermometer_Yes_Asks_For_Body_Temperature","chromium","2026-10-08","passed","2026-10-08","Fever & Rash Protocol - Full Test Suite","Protocol_FeverAndRash.spec.js","",""
"","38211","TC_02_Verify_Height","chromium","2026-10-08","passed","2026-10-08","Start Visit Module","StartVisit.spec.js","",""
"","80250","TC_FR_019_Verify_Fever_Change_Other_Reveals_Text_Field","chromium","2026-10-08","passed","2026-10-08","Fever & Rash Protocol - Full Test Suite","Protocol_FeverAndRash.spec.js","",""
"","39203","TC_53_Verify_All_Required_Fields_Can_Be_Completed","chromium","2026-10-08","passed","2026-10-08","Start Visit Module","StartVisit.spec.js","",""
"","51774","MH_001_Verify_Medical_History_Screen_Reached","chromium","2026-10-08","passed","2026-10-08","Medical History Module - Full Test Suite","StartVisit_MedicalHistory.spec.js","",""
"","37927","TC_65_Verify_BP_Systolic_Can_Be_Entered_And_Cleared","chromium","2026-10-08","passed","2026-10-08","Start Visit Module","StartVisit.spec.js","",""
"","34437","TC_PE_043_Verify_Keyboard_Navigation_Support","chromium","2026-10-08","passed","2026-10-08","Physical Examination Module - Full Test Suite","StartVisit_PhysicalExamination.spec.js","",""
"","12420","TC_03_Verify_Last_Name_Field","chromium","2026-10-08","passed","2026-10-08","Patient Creation Module","PatientCreation.spec.js","",""
"","44550","TC_PE_050_Verify_NailAnemia_Question_Title_Displayed","chromium","2026-10-08","passed","2026-10-08","Physical Examination Module - Full Test Suite","StartVisit_PhysicalExamination.spec.js","",""
"","74592","TC_FV_037_Verify_Jaundice_Yes_Asks_Since_When","chromium","2026-10-08","passed","2026-10-08","Fever Protocol - Full Test Suite","Protocol_Fever.spec.js","",""
"","111726","TC_AP_021_Verify_Lumps_Is_Final_Question","chromium","2026-10-08","failed","2026-10-08","Abdominal Pain Protocol - Full Test Suite","Protocol_AbdominalPain.spec.js","",""
"","95576","TC_FR_037_Verify_Single_Joint_Accepts_A_Description","chromium","2026-10-08","failed","2026-10-08","Fever & Rash Protocol - Full Test Suite","Protocol_FeverAndRash.spec.js","",""
"","261938","TC_FV_070_Verify_End_To_End_Fever_Protocol","chromium","2026-10-08","passed","2026-10-08","Fever Protocol - Full Test Suite","Protocol_Fever.spec.js","",""
"","108254","TC_AB_036_Verify_Prior_Treatment_Question_Shows_Both_Options","chromium","2026-10-08","passed","2026-10-08","Animal Bites & Insect Stings Protocol - Full Test Suite","Protocol_AnimalBites.spec.js","",""
"","51258","MH_002_Verify_First_Question_Is_Personal_History_Checklist","chromium","2026-10-08","passed","2026-10-08","Medical History Module - Full Test Suite","StartVisit_MedicalHistory.spec.js","",""
"","18631","TC_08_Verify_District_Selection","chromium","2026-10-08","passed","2026-10-08","Patient Creation Module","PatientCreation.spec.js","",""
"","178953","TC_BL_065_Verify_Visit_Summary_Checkup_Reason_Section","chromium","2026-10-08","failed","2026-10-08","Abnormal Bleeding Protocol - Full Test Suite","Protocol_AbnormalBleeding.spec.js","",""
"","137701","TC_FR_051_Verify_Contaminated_Food_Question_Is_Optional","chromium","2026-10-08","passed","2026-10-08","Fever & Rash Protocol - Full Test Suite","Protocol_FeverAndRash.spec.js","",""
"","75326","TC_FV_031_Verify_Abdominal_Pain_Yes_Asks_Six_FollowUp_Questions","chromium","2026-10-08","passed","2026-10-08","Fever Protocol - Full Test Suite","Protocol_Fever.spec.js","",""
"","33830","TC_40_Verify_Vitals_Decimal_Input_Mode","chromium","2026-10-08","passed","2026-10-08","Start Visit - Vitals Module","StartVisit_Vitals.spec.js","",""
"","126237","TC_FV_044_Verify_Illness_Question_Can_Be_Skipped","chromium","2026-10-08","passed","2026-10-08","Fever Protocol - Full Test Suite","Protocol_Fever.spec.js","",""
"","171808","TC_FR_069_Verify_Physical_Exam_Reaches_Summary","chromium","2026-10-08","passed","2026-10-08","Fever & Rash Protocol - Full Test Suite","Protocol_FeverAndRash.spec.js","",""
"","61702","TC_AD_009_Verify_Associated_Symptom_Yes_Item_Recorded","chromium","2026-10-08","failed","2026-10-08","Abdominal Distention Protocol - Full Test Suite","Protocol_AbdominalDistention.spec.js","",""
"","19904","TC03 - Invalid Username","chromium","2026-10-08","failed","2026-10-08","Forgot Password Module","ForgetPassword.spec.js","",""
"","99292","TC_FR_034_Verify_Abdominal_Pain_Radiation_Yes_Asks_Where_It_Goes","chromium","2026-10-08","failed","2026-10-08","Fever & Rash Protocol - Full Test Suite","Protocol_FeverAndRash.spec.js","",""
"","157211","MH_019_Verify_Visit_Summary_Shows_Physical_Examination","chromium","2026-10-08","passed","2026-10-08","Medical History Module - Full Test Suite","StartVisit_MedicalHistory.spec.js","",""
"","148587","TC_FR_065_Verify_Full_Assessment_Completes","chromium","2026-10-08","passed","2026-10-08","Fever & Rash Protocol - Full Test Suite","Protocol_FeverAndRash.spec.js","",""
"","71397","TC_PE_029_Verify_Confirm_Button_Visible_And_Enabled","chromium","2026-10-08","passed","2026-10-08","Physical Examination Module - Full Test Suite","StartVisit_PhysicalExamination.spec.js","",""
"","102514","TC_AP_024_Verify_Summary_Abdomen_Section_And_No_Umbilicus","chromium","2026-10-08","passed","2026-10-08","Abdominal Pain Protocol - Full Test Suite","Protocol_AbdominalPain.spec.js","",""
"","90288","TC_BL_045_Verify_Multiple_Joints_Accepts_A_Description","chromium","2026-10-08","passed","2026-10-08","Abnormal Bleeding Protocol - Full Test Suite","Protocol_AbnormalBleeding.spec.js","",""
"","11657","TC04 - Valid Mobile Number","chromium","2026-10-08","passed","2026-10-08","Forgot Password Module","ForgetPassword.spec.js","",""
"","36333","TC_17_Verify_Start_Assessment_Yes_Navigation","chromium","2026-10-08","passed","2026-10-08","Start Visit - Visit Reason Module","StartVisit_VisitReason.spec.js","",""
"","12581","TC_01_Verify_Patient_Registration_Form_Loads","chromium","2026-10-08","passed","2026-10-08","Patient Creation Module","PatientCreation.spec.js","",""
"","35150","TC_39_Verify_WHR_Direct_Input_Is_Not_Allowed","chromium","2026-10-08","passed","2026-10-08","Start Visit - Vitals Module","StartVisit_Vitals.spec.js","",""
"","80213","TC_BL_031_Verify_Patient_Aged_30_Or_Over_Is_Offered_Heart_Attack_And_Stroke","chromium","2026-10-08","passed","2026-10-08","Abnormal Bleeding Protocol - Full Test Suite","Protocol_AbnormalBleeding.spec.js","",""
"","34417","TC_15_Verify_Start_Assessment_Opens_Assessment","chromium","2026-10-08","passed","2026-10-08","Start Visit - Visit Reason Module","StartVisit_VisitReason.spec.js","",""
"","34176","TC_29_Verify_WHR_After_Clearing_Hip","chromium","2026-10-08","passed","2026-10-08","Start Visit - Vitals Module","StartVisit_Vitals.spec.js","",""
"","123839","TC_AD_029_Verify_Visit_Summary_Checkup_Reason_Section","chromium","2026-10-08","passed","2026-10-08","Abdominal Distention Protocol - Full Test Suite","Protocol_AbdominalDistention.spec.js","",""
"","42378","TC_74_Verify_Next_Does_Not_Proceed_With_Invalid_Required_Fields","chromium","2026-10-08","passed","2026-10-08","Start Visit Module","StartVisit.spec.js","",""
"","41378","TC_PE_044_Verify_Question_Transition_Performance","chromium","2026-10-08","passed","2026-10-08","Physical Examination Module - Full Test Suite","StartVisit_PhysicalExamination.spec.js","",""
"","83400","TC_FR_028_Verify_Fever_Timing_Other_Reveals_Text_Field","chromium","2026-10-08","passed","2026-10-08","Fever & Rash Protocol - Full Test Suite","Protocol_FeverAndRash.spec.js","",""
"","54067","TC_28_Verify_RBS_Required_Validation","chromium","2026-10-08","failed","2026-10-08","Start Visit Module","StartVisit.spec.js","",""
"","127174","TC_FV_042_Verify_No_Specific_Disease_Advances_To_Events_Question","chromium","2026-10-08","passed","2026-10-08","Fever Protocol - Full Test Suite","Protocol_Fever.spec.js","",""
"","90033","TC_AP_018_Verify_Abdominal_Scars_Question_Displays","chromium","2026-10-08","passed","2026-10-08","Abdominal Pain Protocol - Full Test Suite","Protocol_AbdominalPain.spec.js","",""
"","53123","TC_AP_005_Verify_Onset_Type_Question_Auto_Advances","chromium","2026-10-08","passed","2026-10-08","Abdominal Pain Protocol - Full Test Suite","Protocol_AbdominalPain.spec.js","",""
"","85380","TC_FV_036_Verify_Pain_In_Other_Location_Accepts_A_Description","chromium","2026-10-08","failed","2026-10-08","Fever Protocol - Full Test Suite","Protocol_Fever.spec.js","",""
"","40940","TC_AD_044_Verify_Associated_Symptoms_Question_Counter","chromium","2026-10-08","passed","2026-10-08","Abdominal Distention Protocol - Full Test Suite","Protocol_AbdominalDistention.spec.js","",""
"","34531","TC_17_Verify_Decimal_BMI_Calculation","chromium","2026-10-08","failed","2026-10-08","Start Visit - Vitals Module","StartVisit_Vitals.spec.js","",""
"","50301","TC_AB_012_Verify_Snake_Unknown_Advances_To_Date_Question","chromium","2026-10-08","passed","2026-10-08","Animal Bites & Insect Stings Protocol - Full Test Suite","Protocol_AnimalBites.spec.js","",""
"","44452","TC_18_Verify_Visit_Reason","chromium","2026-10-08","passed","2026-10-08","Start Visit Module","StartVisit.spec.js","",""
"","58395","TC_AB_054_Verify_Paresthesia_Offers_Both_Progression_Options","chromium","2026-10-08","passed","2026-10-08","Animal Bites & Insect Stings Protocol - Full Test Suite","Protocol_AnimalBites.spec.js","",""
"","73534","TC_PE_040_Verify_End_To_End_Happy_Path","chromium","2026-10-08","passed","2026-10-08","Physical Examination Module - Full Test Suite","StartVisit_PhysicalExamination.spec.js","",""
"","146148","TC_FR_047_Verify_Animal_Exposure_Yes_Asks_Frequency_And_Animal","chromium","2026-10-08","failed","2026-10-08","Fever & Rash Protocol - Full Test Suite","Protocol_FeverAndRash.spec.js","",""
"","65368","TC_FR_001_Verify_Visit_Reason_Selection_Starts_Assessment","chromium","2026-10-08","passed","2026-10-08","Fever & Rash Protocol - Full Test Suite","Protocol_FeverAndRash.spec.js","",""
"","108801","TC_AB_035_Verify_Choosing_An_Illness_Advances","chromium","2026-10-08","passed","2026-10-08","Animal Bites & Insect Stings Protocol - Full Test Suite","Protocol_AnimalBites.spec.js","",""
"","72011","TC_FR_003_Verify_Rash_All_Over_Advances","chromium","2026-10-08","passed","2026-10-08","Fever & Rash Protocol - Full Test Suite","Protocol_FeverAndRash.spec.js","",""
"","88912","TC_FV_071_Verify_Abdominal_Pain_Radiation_Yes_Asks_Where_It_Goes","chromium","2026-10-08","failed","2026-10-08","Fever Protocol - Full Test Suite","Protocol_Fever.spec.js","",""
"","74111","TC_FV_020_Verify_Severity_Combined_high_and_low_Advances","chromium","2026-10-08","passed","2026-10-08","Fever Protocol - Full Test Suite","Protocol_Fever.spec.js","",""
"","69999","TC_AP_038_Verify_Aggravating_Other_Describe_Reveals_Text_Field","chromium","2026-10-08","passed","2026-10-08","Abdominal Pain Protocol - Full Test Suite","Protocol_AbdominalPain.spec.js","",""
"","58848","TC_AB_029_Verify_Single_Joint_Accepts_A_Description","chromium","2026-10-08","passed","2026-10-08","Animal Bites & Insect Stings Protocol - Full Test Suite","Protocol_AnimalBites.spec.js","",""
"","199298","TC_FR_072_Verify_Medical_History_Confirm_Navigates_To_Visit_Summary","chromium","2026-10-08","passed","2026-10-08","Fever & Rash Protocol - Full Test Suite","Protocol_FeverAndRash.spec.js","",""
"","31954","TC_AD_001_Verify_Visit_Reason_Selection_Starts_Assessment","chromium","2026-10-08","passed","2026-10-08","Abdominal Distention Protocol - Full Test Suite","Protocol_AbdominalDistention.spec.js","",""
"","60110","TC_AB_032_Verify_Other_Symptom_Yes_Reveals_Text_Field","chromium","2026-10-08","passed","2026-10-08","Animal Bites & Insect Stings Protocol - Full Test Suite","Protocol_AnimalBites.spec.js","",""
"","73255","TC_FV_016_Verify_Severity_Question_Shows_All_Options","chromium","2026-10-08","passed","2026-10-08","Fever Protocol - Full Test Suite","Protocol_Fever.spec.js","",""
"","34092","TC_AD_031_Verify_Onset_Speed_Over_Few_Months","chromium","2026-10-08","passed","2026-10-08","Abdominal Distention Protocol - Full Test Suite","Protocol_AbdominalDistention.spec.js","",""
"","35214","TC_09_Verify_BMI_Obese_Category","chromium","2026-10-08","passed","2026-10-08","Start Visit - Vitals Module","StartVisit_Vitals.spec.js","",""
"","39895","TC_AD_006_Verify_Appetite_Change_Question","chromium","2026-10-08","passed","2026-10-08","Abdominal Distention Protocol - Full Test Suite","Protocol_AbdominalDistention.spec.js","",""
"","61048","TC_23_Verify_WHR_Cannot_Be_Manually_Edited","chromium","2026-10-08","broken","2026-10-08","Start Visit - Vitals Module","StartVisit_Vitals.spec.js","",""
"","36386","TC_12_Verify_WHR_Field_Is_ReadOnly","chromium","2026-10-08","passed","2026-10-08","Start Visit - Vitals Module","StartVisit_Vitals.spec.js","",""
"","38493","TC_63_Verify_BMI_Recalculation_With_Multiple_Changes","chromium","2026-10-08","passed","2026-10-08","Start Visit Module","StartVisit.spec.js","",""
"","39220","TC_40_Verify_WHR_Updates_When_Hip_Changes","chromium","2026-10-08","passed","2026-10-08","Start Visit Module","StartVisit.spec.js","",""
"","34037","TC_07_Verify_BMI_Underweight_Category","chromium","2026-10-08","passed","2026-10-08","Start Visit - Vitals Module","StartVisit_Vitals.spec.js","",""
"","126230","TC_FV_026_Verify_Chills_Yes_Is_Accepted","chromium","2026-10-08","passed","2026-10-08","Fever Protocol - Full Test Suite","Protocol_Fever.spec.js","",""
"","49899","TC_AB_013_Verify_Type_Of_Snake_Reveals_Text_Field","chromium","2026-10-08","passed","2026-10-08","Animal Bites & Insect Stings Protocol - Full Test Suite","Protocol_AnimalBites.spec.js","",""
"","37500","TC_AD_045_Verify_Swelling_Cycle_Question_Text","chromium","2026-10-08","passed","2026-10-08","Abdominal Distention Protocol - Full Test Suite","Protocol_AbdominalDistention.spec.js","",""
"","12329","TC_10_Verify_Corresponding_Address_Field","chromium","2026-10-08","passed","2026-10-08","Patient Creation Module","PatientCreation.spec.js","",""
"","245243","TC_FR_073_Verify_Visit_Summary_Checkup_Reason_Section","chromium","2026-10-08","passed","2026-10-08","Fever & Rash Protocol - Full Test Suite","Protocol_FeverAndRash.spec.js","",""
"","70439","TC_FV_008_Verify_Nature_Every_few_days_Advances","chromium","2026-10-08","passed","2026-10-08","Fever Protocol - Full Test Suite","Protocol_Fever.spec.js","",""
"","72734","TC_BL_010_Verify_Tooth_extraction_Can_Be_Selected","chromium","2026-10-08","passed","2026-10-08","Abnormal Bleeding Protocol - Full Test Suite","Protocol_AbnormalBleeding.spec.js","",""
"","34500","TC_03_Verify_Visit_Reason_Search","chromium","2026-10-08","passed","2026-10-08","Start Visit - Visit Reason Module","StartVisit_VisitReason.spec.js","",""
"","73089","TC_FR_015_Verify_Spread_Other_Reveals_Text_Field","chromium","2026-10-08","passed","2026-10-08","Fever & Rash Protocol - Full Test Suite","Protocol_FeverAndRash.spec.js","",""
"","38768","TC_61_Verify_WHR_Clears_When_Waist_Is_Cleared","chromium","2026-10-08","passed","2026-10-08","Start Visit Module","StartVisit.spec.js","",""
"","37813","TC_PE_001_Verify_Physical_Examination_Screen_Loads","chromium","2026-10-08","passed","2026-10-08","Physical Examination Module - Full Test Suite","StartVisit_PhysicalExamination.spec.js","",""
"","191408","TC_AB_048_Verify_Medical_History_Completes_Within_Protocol","chromium","2026-10-08","passed","2026-10-08","Animal Bites & Insect Stings Protocol - Full Test Suite","Protocol_AnimalBites.spec.js","",""
"","38762","TC_64_Verify_WHR_Recalculation_With_Multiple_Changes","chromium","2026-10-08","passed","2026-10-08","Start Visit Module","StartVisit.spec.js","",""
"","86430","TC_BL_033_Verify_Several_Diseases_Can_Be_Chosen_Together","chromium","2026-10-08","passed","2026-10-08","Abnormal Bleeding Protocol - Full Test Suite","Protocol_AbnormalBleeding.spec.js","",""
"","79780","TC_BL_024_Verify_Earlier_Bleeding_Yes_Asks_Whether_Treatment_Was_Needed","chromium","2026-10-08","passed","2026-10-08","Abnormal Bleeding Protocol - Full Test Suite","Protocol_AbnormalBleeding.spec.js","",""
"","132827","TC_FV_063_Verify_Wash_Hands_Reminder_After_Assessment","chromium","2026-10-08","passed","2026-10-08","Fever Protocol - Full Test Suite","Protocol_Fever.spec.js","",""
"","51536","TC_AP_031_Verify_Pain_Radiates_To_Reveals_Location_SubQuestion","chromium","2026-10-08","passed","2026-10-08","Abdominal Pain Protocol - Full Test Suite","Protocol_AbdominalPain.spec.js","",""
"","71337","TC_FR_007_Verify_Rate_within_hours_Advances","chromium","2026-10-08","passed","2026-10-08","Fever & Rash Protocol - Full Test Suite","Protocol_FeverAndRash.spec.js","",""
"","38571","TC_44_Verify_Decimal_Height_And_Weight","chromium","2026-10-08","passed","2026-10-08","Start Visit Module","StartVisit.spec.js","",""
"","124642","TC_FV_041_Verify_Illness_Question_Shows_All_Options_And_Skip","chromium","2026-10-08","passed","2026-10-08","Fever Protocol - Full Test Suite","Protocol_Fever.spec.js","",""
"","13427","TC_05_Verify_Phone_Number_Field","chromium","2026-10-08","passed","2026-10-08","Patient Creation Module","PatientCreation.spec.js","",""
"","74514","TC_BL_007_Verify_Bloody_sputum_Can_Be_Selected","chromium","2026-10-08","passed","2026-10-08","Abnormal Bleeding Protocol - Full Test Suite","Protocol_AbnormalBleeding.spec.js","",""
"","33501","TC_19_Verify_HbA1c_Accepts_Decimal","chromium","2026-10-08","passed","2026-10-08","Start Visit - Vitals Module","StartVisit_Vitals.spec.js","",""
"","12725","TC_07_Verify_Country_Selection","chromium","2026-10-08","passed","2026-10-08","Patient Creation Module","PatientCreation.spec.js","",""
"","91547","TC_BL_043_Verify_Joint_Pain_Yes_Asks_Involvement_And_Migration","chromium","2026-10-08","passed","2026-10-08","Abnormal Bleeding Protocol - Full Test Suite","Protocol_AbnormalBleeding.spec.js","",""
"","73368","TC_PE_031_Verify_Summary_Matches_Selections_Exactly","chromium","2026-10-08","passed","2026-10-08","Physical Examination Module - Full Test Suite","StartVisit_PhysicalExamination.spec.js","",""
"","129886","TC_FV_051_Verify_Relapse_Asks_Its_Question","chromium","2026-10-08","passed","2026-10-08","Fever Protocol - Full Test Suite","Protocol_Fever.spec.js","",""
"","33067","TC_12_Verify_Visit_Reason_Search_With_Partial_Text","chromium","2026-10-08","passed","2026-10-08","Start Visit - Visit Reason Module","StartVisit_VisitReason.spec.js","",""
"","119084","TC_AP_025_Verify_Alternate_Abdomen_Answers_Recorded","chromium","2026-10-08","passed","2026-10-08","Abdominal Pain Protocol - Full Test Suite","Protocol_AbdominalPain.spec.js","",""
"","102357","TC_AP_022_Verify_Full_Physical_Exam_Reaches_Summary","chromium","2026-10-08","passed","2026-10-08","Abdominal Pain Protocol - Full Test Suite","Protocol_AbdominalPain.spec.js","",""
"","38265","TC_AD_005_Verify_Weight_Change_Question","chromium","2026-10-08","passed","2026-10-08","Abdominal Distention Protocol - Full Test Suite","Protocol_AbdominalDistention.spec.js","",""
"","13344","TC_14_Verify_Next_Button_Enabled","chromium","2026-10-08","passed","2026-10-08","Patient Creation Module","PatientCreation.spec.js","",""
"","39342","TC_05_Verify_Pulse","chromium","2026-10-08","passed","2026-10-08","Start Visit Module","StartVisit.spec.js","",""
"","38452","TC_AD_007_Verify_Associated_Symptoms_All_Items_Displayed","chromium","2026-10-08","passed","2026-10-08","Abdominal Distention Protocol - Full Test Suite","Protocol_AbdominalDistention.spec.js","",""
"","38363","TC_14_Verify_HbA1c","chromium","2026-10-08","passed","2026-10-08","Start Visit Module","StartVisit.spec.js","",""
"","157829","MH_020_Verify_Visit_Summary_Shows_Medical_History","chromium","2026-10-08","passed","2026-10-08","Medical History Module - Full Test Suite","StartVisit_MedicalHistory.spec.js","",""
"","12372","TC_12_Verify_Corresponding_Address2_Field","chromium","2026-10-08","passed","2026-10-08","Patient Creation Module","PatientCreation.spec.js","",""
"","71827","TC_FV_014_Verify_Timing_Night_Advances","chromium","2026-10-08","passed","2026-10-08","Fever Protocol - Full Test Suite","Protocol_Fever.spec.js","",""
"","12837","TC_10_Verify_Village_Town_City_Field","chromium","2026-10-08","passed","2026-10-08","Patient Creation Module","PatientCreation.spec.js","",""
"","59573","TC_AB_052_Verify_Multiple_Joints_Accepts_A_Description","chromium","2026-10-08","passed","2026-10-08","Animal Bites & Insect Stings Protocol - Full Test Suite","Protocol_AnimalBites.spec.js","",""
"","83171","TC_FR_029_Verify_Associated_Symptoms_Lists_All_16_Rows","chromium","2026-10-08","passed","2026-10-08","Fever & Rash Protocol - Full Test Suite","Protocol_FeverAndRash.spec.js","",""
"","34882","TC_31_Verify_BP_Fields_Can_Remain_Empty","chromium","2026-10-08","passed","2026-10-08","Start Visit - Vitals Module","StartVisit_Vitals.spec.js","",""
"","73542","TC_PE_027_Verify_Change_Button_Present","chromium","2026-10-08","passed","2026-10-08","Physical Examination Module - Full Test Suite","StartVisit_PhysicalExamination.spec.js","",""
"","139578","TC_BL_049_Verify_Herbal_Question_Is_Optional","chromium","2026-10-08","passed","2026-10-08","Abnormal Bleeding Protocol - Full Test Suite","Protocol_AbnormalBleeding.spec.js","",""
"","19925","TC06 - Invalid Mobile Number","chromium","2026-10-08","failed","2026-10-08","Forgot Password Module","ForgetPassword.spec.js","",""
"","34725","TC_44_Verify_BMI_Is_Automatically_Generated","chromium","2026-10-08","passed","2026-10-08","Start Visit - Vitals Module","StartVisit_Vitals.spec.js","",""
"","34492","TC_AD_032_Verify_Onset_Speed_Over_Few_Years","chromium","2026-10-08","passed","2026-10-08","Abdominal Distention Protocol - Full Test Suite","Protocol_AbdominalDistention.spec.js","",""
"","210930","TC_FV_067_Verify_Medical_History_Completes_Within_Protocol","chromium","2026-10-08","passed","2026-10-08","Fever Protocol - Full Test Suite","Protocol_Fever.spec.js","",""
"","73198","TC_BL_014_Verify_Bloody_Urine_With_No_Urinary_Disease_Advances","chromium","2026-10-08","passed","2026-10-08","Abnormal Bleeding Protocol - Full Test Suite","Protocol_AbnormalBleeding.spec.js","",""
"","133863","TC_FV_060_Verify_Additional_Information_Skip_Completes_Assessment","chromium","2026-10-08","passed","2026-10-08","Fever Protocol - Full Test Suite","Protocol_Fever.spec.js","",""
"","77267","TC_FR_011_Verify_Spread_Centrifugal_Advances","chromium","2026-10-08","passed","2026-10-08","Fever & Rash Protocol - Full Test Suite","Protocol_FeverAndRash.spec.js","",""
"","75777","TC_FV_023_Verify_Body_Temperature_Accepts_A_Value","chromium","2026-10-08","passed","2026-10-08","Fever Protocol - Full Test Suite","Protocol_Fever.spec.js","",""
"","75588","TC_FV_040_Verify_Other_Symptom_Yes_Reveals_Text_Field","chromium","2026-10-08","passed","2026-10-08","Fever Protocol - Full Test Suite","Protocol_Fever.spec.js","",""
"","132631","TC_FR_045_Verify_Animal_Exposure_Question_Is_Optional","chromium","2026-10-08","passed","2026-10-08","Fever & Rash Protocol - Full Test Suite","Protocol_FeverAndRash.spec.js","",""
"","72689","TC_FR_008_Verify_Rate_within_weeks_Advances","chromium","2026-10-08","passed","2026-10-08","Fever & Rash Protocol - Full Test Suite","Protocol_FeverAndRash.spec.js","",""
"","195880","TC_FR_071_Verify_Medical_History_Completes_Within_Protocol","chromium","2026-10-08","passed","2026-10-08","Fever & Rash Protocol - Full Test Suite","Protocol_FeverAndRash.spec.js","",""
"","72080","TC_FV_012_Verify_Timing_Morning_Advances","chromium","2026-10-08","passed","2026-10-08","Fever Protocol - Full Test Suite","Protocol_Fever.spec.js","",""
"","71149","TC_FR_010_Verify_Rash_Spread_Question_Shows_All_Options","chromium","2026-10-08","passed","2026-10-08","Fever & Rash Protocol - Full Test Suite","Protocol_FeverAndRash.spec.js","",""
"","181123","TC_BL_061_Verify_Physical_Exam_Reaches_Summary","chromium","2026-10-08","failed","2026-10-08","Abnormal Bleeding Protocol - Full Test Suite","Protocol_AbnormalBleeding.spec.js","",""
"","56853","TC_AB_021_Verify_Choosing_A_Bite_Site_Advances","chromium","2026-10-08","passed","2026-10-08","Animal Bites & Insect Stings Protocol - Full Test Suite","Protocol_AnimalBites.spec.js","",""
"","132729","TC_FV_047_Verify_Recent_contact_with_persons_having_fever_Asks_Its_Question","chromium","2026-10-08","passed","2026-10-08","Fever Protocol - Full Test Suite","Protocol_Fever.spec.js","",""
"","137805","TC_BL_052_Verify_Prior_Treatment_Question_Shows_Both_Options","chromium","2026-10-08","passed","2026-10-08","Abnormal Bleeding Protocol - Full Test Suite","Protocol_AbnormalBleeding.spec.js","",""
"","35026","TC_05_Verify_Selected_Visit_Reason","chromium","2026-10-08","passed","2026-10-08","Start Visit - Visit Reason Module","StartVisit_VisitReason.spec.js","",""
"","107255","TC_AB_023_Verify_All_Symptoms_No_Advances_To_Illness_Question","chromium","2026-10-08","passed","2026-10-08","Animal Bites & Insect Stings Protocol - Full Test Suite","Protocol_AnimalBites.spec.js","",""
"","68569","TC_AD_019_Verify_Abdominal_Lumps_Question_Displays","chromium","2026-10-08","passed","2026-10-08","Abdominal Distention Protocol - Full Test Suite","Protocol_AbdominalDistention.spec.js","",""
"","86333","TC_FR_040_Verify_Productive_Cough_Asks_Colour_Of_Sputum","chromium","2026-10-08","passed","2026-10-08","Fever & Rash Protocol - Full Test Suite","Protocol_FeverAndRash.spec.js","",""
"","41186","TC_PE_007_Verify_Pinch_Skin_Question_Displays","chromium","2026-10-08","passed","2026-10-08","Physical Examination Module - Full Test Suite","StartVisit_PhysicalExamination.spec.js","",""
"","33967","TC_28_Verify_WHR_After_Clearing_Waist","chromium","2026-10-08","passed","2026-10-08","Start Visit - Vitals Module","StartVisit_Vitals.spec.js","",""
"","66489","TC_AP_011_Verify_Associated_Symptom_Yes_Item_Recorded","chromium","2026-10-08","passed","2026-10-08","Abdominal Pain Protocol - Full Test Suite","Protocol_AbdominalPain.spec.js","",""
"","37239","TC_AD_033_Verify_Onset_Speed_Suddenly","chromium","2026-10-08","passed","2026-10-08","Abdominal Distention Protocol - Full Test Suite","Protocol_AbdominalDistention.spec.js","",""
"","51813","TC_AD_015_Verify_Additional_Information_Text_Entry","chromium","2026-10-08","passed","2026-10-08","Abdominal Distention Protocol - Full Test Suite","Protocol_AbdominalDistention.spec.js","",""
"","41786","TC_43_Verify_Blood_Group_Options","chromium","2026-10-08","passed","2026-10-08","Start Visit Module","StartVisit.spec.js","",""
"","38643","TC_12_Verify_Hip_Circumference","chromium","2026-10-08","passed","2026-10-08","Start Visit Module","StartVisit.spec.js","",""
"","38800","TC_51_Verify_Pulse_Max_Length","chromium","2026-10-08","passed","2026-10-08","Start Visit Module","StartVisit.spec.js","",""
"","50099","MH_003_Verify_Personal_History_All_Items_Displayed","chromium","2026-10-08","passed","2026-10-08","Medical History Module - Full Test Suite","StartVisit_MedicalHistory.spec.js","",""
"","57821","TC_AB_022_Verify_Male_Patient_Is_Offered_20_Symptoms","chromium","2026-10-08","passed","2026-10-08","Animal Bites & Insect Stings Protocol - Full Test Suite","Protocol_AnimalBites.spec.js","",""
"","252259","TC_FR_074_Verify_End_To_End_Fever_And_Rash_Protocol","chromium","2026-10-08","passed","2026-10-08","Fever & Rash Protocol - Full Test Suite","Protocol_FeverAndRash.spec.js","",""
"","71314","MH_010_Verify_Summary_Reflects_No_Answers","chromium","2026-10-08","passed","2026-10-08","Medical History Module - Full Test Suite","StartVisit_MedicalHistory.spec.js","",""
"","134658","TC_FV_064_Verify_Physical_Exam_Starts_After_Assessment","chromium","2026-10-08","passed","2026-10-08","Fever Protocol - Full Test Suite","Protocol_Fever.spec.js","",""
"","132084","TC_FR_043_Verify_Contact_No_Advances","chromium","2026-10-08","passed","2026-10-08","Fever & Rash Protocol - Full Test Suite","Protocol_FeverAndRash.spec.js","",""
"","84442","TC_FR_032_Verify_Abdominal_Pain_Yes_Asks_Six_FollowUp_Questions","chromium","2026-10-08","passed","2026-10-08","Fever & Rash Protocol - Full Test Suite","Protocol_FeverAndRash.spec.js","",""
"","47818","TC_AB_009_Verify_Bee_wasp_Can_Be_Selected","chromium","2026-10-08","passed","2026-10-08","Animal Bites & Insect Stings Protocol - Full Test Suite","Protocol_AnimalBites.spec.js","",""
"","77339","TC_AD_025_Verify_Alternate_Abdomen_Answers_Recorded","chromium","2026-10-08","passed","2026-10-08","Abdominal Distention Protocol - Full Test Suite","Protocol_AbdominalDistention.spec.js","",""
"","57743","MH_004_Verify_Personal_History_All_No_Advances","chromium","2026-10-08","passed","2026-10-08","Medical History Module - Full Test Suite","StartVisit_MedicalHistory.spec.js","",""
"","136775","TC_BL_041_Verify_All_Symptoms_No_Advances_To_Herbal_Question","chromium","2026-10-08","passed","2026-10-08","Abnormal Bleeding Protocol - Full Test Suite","Protocol_AbnormalBleeding.spec.js","",""
"","47945","TC_AB_006_Verify_Human_Can_Be_Selected","chromium","2026-10-08","passed","2026-10-08","Animal Bites & Insect Stings Protocol - Full Test Suite","Protocol_AnimalBites.spec.js","",""
"","77835","TC_AP_015_Verify_Additional_Information_Skip_Completes_Assessment","chromium","2026-10-08","passed","2026-10-08","Abdominal Pain Protocol - Full Test Suite","Protocol_AbdominalPain.spec.js","",""
"","184833","TC_BL_062_Verify_Physical_Exam_Confirm_Navigates_To_Medical_History","chromium","2026-10-08","failed","2026-10-08","Abnormal Bleeding Protocol - Full Test Suite","Protocol_AbnormalBleeding.spec.js","",""
"","54567","TC_AB_015_Verify_Occurrence_Date_Is_Accepted_And_Advances","chromium","2026-10-08","passed","2026-10-08","Animal Bites & Insect Stings Protocol - Full Test Suite","Protocol_AnimalBites.spec.js","",""
"","50099","TC_AP_003_Verify_Pain_Radiation_Question","chromium","2026-10-08","passed","2026-10-08","Abdominal Pain Protocol - Full Test Suite","Protocol_AbdominalPain.spec.js","",""
"","128123","TC_FV_049_Verify_Recent_hospitalization_Asks_Its_Question","chromium","2026-10-08","passed","2026-10-08","Fever Protocol - Full Test Suite","Protocol_Fever.spec.js","",""
"","39907","TC_16_Verify_Vitals_Next_Button","chromium","2026-10-08","passed","2026-10-08","Start Visit Module","StartVisit.spec.js","",""
"","42146","TC_PE_049_Verify_NailAbnormality_Question_Title_Displayed","chromium","2026-10-08","passed","2026-10-08","Physical Examination Module - Full Test Suite","StartVisit_PhysicalExamination.spec.js","",""
"","46151","TC_27_Verify_BMI_After_Clearing_Height","chromium","2026-10-08","failed","2026-10-08","Start Visit - Vitals Module","StartVisit_Vitals.spec.js","",""
"","12365","TC_02_Verify_First_Name_Field","chromium","2026-10-08","passed","2026-10-08","Patient Creation Module","PatientCreation.spec.js","",""
"","36819","TC_AD_003_Verify_Onset_Speed_Question_Auto_Advances","chromium","2026-10-08","passed","2026-10-08","Abdominal Distention Protocol - Full Test Suite","Protocol_AbdominalDistention.spec.js","",""
"","139288","TC_FR_050_Verify_Bites_Yes_Asks_Site_And_Animal","chromium","2026-10-08","passed","2026-10-08","Fever & Rash Protocol - Full Test Suite","Protocol_FeverAndRash.spec.js","",""
"","74416","TC_BL_003_Verify_Nose_Bleeding_Advances_To_Duration_Question","chromium","2026-10-08","passed","2026-10-08","Abnormal Bleeding Protocol - Full Test Suite","Protocol_AbnormalBleeding.spec.js","",""
"","52745","TC_AD_043_Verify_Additional_Info_Accepts_Text","chromium","2026-10-08","passed","2026-10-08","Abdominal Distention Protocol - Full Test Suite","Protocol_AbdominalDistention.spec.js","",""
"","142521","TC_FR_057_Verify_Medication_Question_Shows_All_Options","chromium","2026-10-08","passed","2026-10-08","Fever & Rash Protocol - Full Test Suite","Protocol_FeverAndRash.spec.js","",""
"","70984","TC_AD_021_Verify_Full_Physical_Exam_Reaches_Summary","chromium","2026-10-08","passed","2026-10-08","Abdominal Distention Protocol - Full Test Suite","Protocol_AbdominalDistention.spec.js","",""
"","79700","TC_BL_023_Verify_Earlier_Bleeding_No_Advances_To_Family_History","chromium","2026-10-08","passed","2026-10-08","Abnormal Bleeding Protocol - Full Test Suite","Protocol_AbnormalBleeding.spec.js","",""
"","63319","TC_AD_017_Verify_Abdominal_Bloating_Question_Displays","chromium","2026-10-08","passed","2026-10-08","Abdominal Distention Protocol - Full Test Suite","Protocol_AbdominalDistention.spec.js","",""
"","72337","TC_AD_026_Verify_Physical_Exam_Confirm_Navigates_To_Medical_History","chromium","2026-10-08","passed","2026-10-08","Abdominal Distention Protocol - Full Test Suite","Protocol_AbdominalDistention.spec.js","",""
"","42949","TC_PE_038_Verify_Reference_Images_Render","chromium","2026-10-08","passed","2026-10-08","Physical Examination Module - Full Test Suite","StartVisit_PhysicalExamination.spec.js","",""
"","74333","TC_FV_022_Verify_Thermometer_Yes_Asks_When_And_Temperature","chromium","2026-10-08","passed","2026-10-08","Fever Protocol - Full Test Suite","Protocol_Fever.spec.js","",""
"","49767","TC_60_Verify_BMI_Clears_When_Weight_Is_Cleared","chromium","2026-10-08","failed","2026-10-08","Start Visit Module","StartVisit.spec.js","",""
"","76830","TC_AP_040_Verify_Relieving_Other_Describe_Reveals_Text_Field","chromium","2026-10-08","passed","2026-10-08","Abdominal Pain Protocol - Full Test Suite","Protocol_AbdominalPain.spec.js","",""
"","137562","TC_BL_058_Verify_Visit_Reason_Summary_Lists_The_Answers","chromium","2026-10-08","passed","2026-10-08","Abnormal Bleeding Protocol - Full Test Suite","Protocol_AbnormalBleeding.spec.js","",""
"","45636","TC_AD_010_Verify_Jaundice_History_Question_Yes_First","chromium","2026-10-08","passed","2026-10-08","Abdominal Distention Protocol - Full Test Suite","Protocol_AbdominalDistention.spec.js","",""
"","60024","TC_AP_034_Verify_Pain_Character_Other_Describe_Reveals_Text_Field","chromium","2026-10-08","passed","2026-10-08","Abdominal Pain Protocol - Full Test Suite","Protocol_AbdominalPain.spec.js","",""
"","56661","TC_AB_044_Verify_Female_Patient_Is_Offered_21_Symptoms","chromium","2026-10-08","passed","2026-10-08","Animal Bites & Insect Stings Protocol - Full Test Suite","Protocol_AnimalBites.spec.js","",""
"","82344","TC_FR_024_Verify_Body_Temperature_Accepts_A_Value","chromium","2026-10-08","passed","2026-10-08","Fever & Rash Protocol - Full Test Suite","Protocol_FeverAndRash.spec.js","",""
"","46334","TC_AD_011_Verify_Jaundice_History_Auto_Advances","chromium","2026-10-08","passed","2026-10-08","Abdominal Distention Protocol - Full Test Suite","Protocol_AbdominalDistention.spec.js","",""
"","38310","TC_PE_005_Verify_Pallor_Normal_Answer_Recorded","chromium","2026-10-08","passed","2026-10-08","Physical Examination Module - Full Test Suite","StartVisit_PhysicalExamination.spec.js","",""
"","74560","TC_AP_014_Verify_Treatment_History_Question","chromium","2026-10-08","passed","2026-10-08","Abdominal Pain Protocol - Full Test Suite","Protocol_AbdominalPain.spec.js","",""
"","81901","TC_FR_026_Verify_Fever_Timing_Evening_Advances","chromium","2026-10-08","passed","2026-10-08","Fever & Rash Protocol - Full Test Suite","Protocol_FeverAndRash.spec.js","",""
"","159901","MH_022_Verify_Doctor_Specialty_Selection_Recorded","chromium","2026-10-08","passed","2026-10-08","Medical History Module - Full Test Suite","StartVisit_MedicalHistory.spec.js","",""
"","31871","TC_11_Verify_Visit_Reason_Search_Case_Insensitive","chromium","2026-10-08","passed","2026-10-08","Start Visit - Visit Reason Module","StartVisit_VisitReason.spec.js","",""
"","7166","Valid login","chromium","2026-10-08","passed","2026-10-08","Login Module","Loginpage.spec.js","",""
"","66643","TC_AD_025b_Verify_Tenderness_Location_SubQuestion_Options","chromium","2026-10-08","passed","2026-10-08","Abdominal Distention Protocol - Full Test Suite","Protocol_AbdominalDistention.spec.js","",""
"","138733","TC_BL_059_Verify_Wash_Hands_Reminder_After_Assessment","chromium","2026-10-08","passed","2026-10-08","Abnormal Bleeding Protocol - Full Test Suite","Protocol_AbnormalBleeding.spec.js","",""
"","41771","TC_PE_036_Verify_Progress_Percentage_Increases","chromium","2026-10-08","passed","2026-10-08","Physical Examination Module - Full Test Suite","StartVisit_PhysicalExamination.spec.js","",""
"","76072","TC_FV_035_Verify_Multiple_Joints_Accepts_A_Description","chromium","2026-10-08","passed","2026-10-08","Fever Protocol - Full Test Suite","Protocol_Fever.spec.js","",""
"","55704","TC_AB_018_Verify_Multiple_Bites_Advances_To_Site_Question","chromium","2026-10-08","passed","2026-10-08","Animal Bites & Insect Stings Protocol - Full Test Suite","Protocol_AnimalBites.spec.js","",""
"","34028","TC_10_Verify_BMI_Recalculates_When_Height_Changes","chromium","2026-10-08","passed","2026-10-08","Start Visit - Vitals Module","StartVisit_Vitals.spec.js","",""
"","142328","TC_FR_055_Verify_Vaccination_Dont_Know_Advances","chromium","2026-10-08","passed","2026-10-08","Fever & Rash Protocol - Full Test Suite","Protocol_FeverAndRash.spec.js","",""
"","68572","TC_FV_003_Verify_Nature_Of_Fever_Question_Shows_All_Options","chromium","2026-10-08","passed","2026-10-08","Fever Protocol - Full Test Suite","Protocol_Fever.spec.js","",""
"","39232","TC_56_Verify_BMI_Status_Underweight","chromium","2026-10-08","passed","2026-10-08","Start Visit Module","StartVisit.spec.js","",""
"","42985","TC_23_Verify_Height_Required_Validation","chromium","2026-10-08","passed","2026-10-08","Start Visit Module","StartVisit.spec.js","",""
"","37017","TC_PE_047_Verify_Pallor_Question_Title_Displayed","chromium","2026-10-08","passed","2026-10-08","Physical Examination Module - Full Test Suite","StartVisit_PhysicalExamination.spec.js","",""
"","55103","TC_31_Verify_OGTT_Required_Validation","chromium","2026-10-08","failed","2026-10-08","Start Visit Module","StartVisit.spec.js","",""
"","35823","TC_AD_004_Verify_Swelling_Cycle_Question","chromium","2026-10-08","passed","2026-10-08","Abdominal Distention Protocol - Full Test Suite","Protocol_AbdominalDistention.spec.js","",""
"","34849","TC_06_Verify_Start_Assessment_Button","chromium","2026-10-08","passed","2026-10-08","Start Visit - Visit Reason Module","StartVisit_VisitReason.spec.js","",""
"","70736","TC_FV_005_Verify_Nature_Irregular_comes_goes_Advances","chromium","2026-10-08","passed","2026-10-08","Fever Protocol - Full Test Suite","Protocol_Fever.spec.js","",""
"","39938","TC_03_Verify_Weight","chromium","2026-10-08","passed","2026-10-08","Start Visit Module","StartVisit.spec.js","",""
"","32146","TC_42_Verify_BMI_Placeholder","chromium","2026-10-08","passed","2026-10-08","Start Visit - Vitals Module","StartVisit_Vitals.spec.js","",""
"","131591","TC_FR_030_Verify_All_Symptoms_No_Advances_To_Contact_Question","chromium","2026-10-08","passed","2026-10-08","Fever & Rash Protocol - Full Test Suite","Protocol_FeverAndRash.spec.js","",""
"","129136","TC_FV_050_Verify_Needles_use_for_drug_Asks_Its_Question","chromium","2026-10-08","passed","2026-10-08","Fever Protocol - Full Test Suite","Protocol_Fever.spec.js","",""
"","78548","TC_AP_042_Verify_Additional_Information_Text_Submits","chromium","2026-10-08","passed","2026-10-08","Abdominal Pain Protocol - Full Test Suite","Protocol_AbdominalPain.spec.js","",""
"","59609","TC_AB_028_Verify_Joint_Pain_Yes_Asks_Involvement_And_Migration","chromium","2026-10-08","passed","2026-10-08","Animal Bites & Insect Stings Protocol - Full Test Suite","Protocol_AnimalBites.spec.js","",""
"","83349","TC_AP_043_Verify_Female_Only_Items_Hidden_For_Male_Patient","chromium","2026-10-08","failed","2026-10-08","Abdominal Pain Protocol - Full Test Suite","Protocol_AbdominalPain.spec.js","",""
"","38835","TC_45_Verify_Decimal_Measurement_Values","chromium","2026-10-08","passed","2026-10-08","Start Visit Module","StartVisit.spec.js","",""
"","143322","TC_BL_055_Verify_Additional_Information_Text_Completes_Assessment","chromium","2026-10-08","passed","2026-10-08","Abnormal Bleeding Protocol - Full Test Suite","Protocol_AbnormalBleeding.spec.js","",""
"","82408","TC_BL_030_Verify_Patient_Under_30_Is_Not_Offered_Heart_Attack_Or_Stroke","chromium","2026-10-08","failed","2026-10-08","Abnormal Bleeding Protocol - Full Test Suite","Protocol_AbnormalBleeding.spec.js","",""
"","37523","TC_07_Verify_SpO2","chromium","2026-10-08","passed","2026-10-08","Start Visit Module","StartVisit.spec.js","",""
"","74838","TC_PE_041_Verify_Fresh_Patient_No_Stale_Data","chromium","2026-10-08","passed","2026-10-08","Physical Examination Module - Full Test Suite","StartVisit_PhysicalExamination.spec.js","",""
"","50085","TC_59_Verify_BMI_Clears_When_Height_Is_Cleared","chromium","2026-10-08","failed","2026-10-08","Start Visit Module","StartVisit.spec.js","",""
"","77169","TC_BL_022_Verify_Small_Amount_Advances","chromium","2026-10-08","passed","2026-10-08","Abnormal Bleeding Protocol - Full Test Suite","Protocol_AbnormalBleeding.spec.js","",""
"","43039","TC_17_Verify_Complete_Vitals_Flow","chromium","2026-10-08","passed","2026-10-08","Start Visit Module","StartVisit.spec.js","",""
"","54360","TC_21_Verify_Required_Field_Validation","chromium","2026-10-08","failed","2026-10-08","Start Visit Module","StartVisit.spec.js","",""
"","66893","TC_FR_002_Verify_Rash_Site_Question_Shows_Both_Options","chromium","2026-10-08","passed","2026-10-08","Fever & Rash Protocol - Full Test Suite","Protocol_FeverAndRash.spec.js","",""
"","69856","TC_BL_015_Verify_Other_Bleeding_Site_Reveals_Text_Field","chromium","2026-10-08","passed","2026-10-08","Abnormal Bleeding Protocol - Full Test Suite","Protocol_AbnormalBleeding.spec.js","",""
"","137348","TC_BL_051_Verify_Herbal_Yes_Advances","chromium","2026-10-08","passed","2026-10-08","Abnormal Bleeding Protocol - Full Test Suite","Protocol_AbnormalBleeding.spec.js","",""
"","34268","TC_21_Verify_Weight_Maximum_Length","chromium","2026-10-08","passed","2026-10-08","Start Visit - Vitals Module","StartVisit_Vitals.spec.js","",""
"","77497","TC_BL_020_Verify_Large_Amount_Advances","chromium","2026-10-08","passed","2026-10-08","Abnormal Bleeding Protocol - Full Test Suite","Protocol_AbnormalBleeding.spec.js","",""
"","84407","TC_FR_041_Verify_Other_Symptom_Yes_Reveals_Text_Field","chromium","2026-10-08","passed","2026-10-08","Fever & Rash Protocol - Full Test Suite","Protocol_FeverAndRash.spec.js","",""
"","49153","TC_AD_016_Verify_Wash_Hands_Reminder_After_Assessment","chromium","2026-10-08","passed","2026-10-08","Abdominal Distention Protocol - Full Test Suite","Protocol_AbdominalDistention.spec.js","",""
"","44114","TC_26_Verify_BMI_After_Clearing_Weight","chromium","2026-10-08","failed","2026-10-08","Start Visit - Vitals Module","StartVisit_Vitals.spec.js","",""
"","49179","TC_AB_007_Verify_Spider_Can_Be_Selected","chromium","2026-10-08","passed","2026-10-08","Animal Bites & Insect Stings Protocol - Full Test Suite","Protocol_AnimalBites.spec.js","",""
"","40843","TC_PE_009_Verify_Pinch_Skin_Slow_Option_Recorded","chromium","2026-10-08","passed","2026-10-08","Physical Examination Module - Full Test Suite","StartVisit_PhysicalExamination.spec.js","",""
"","47964","TC_AB_001_Verify_Visit_Reason_Selection_Starts_Assessment","chromium","2026-10-08","passed","2026-10-08","Animal Bites & Insect Stings Protocol - Full Test Suite","Protocol_AnimalBites.spec.js","",""
"","40031","TC_AD_040_Verify_Associated_Symptom_Vomiting","chromium","2026-10-08","passed","2026-10-08","Abdominal Distention Protocol - Full Test Suite","Protocol_AbdominalDistention.spec.js","",""
"","54181","TC_32_Verify_HbA1c_Required_Validation","chromium","2026-10-08","failed","2026-10-08","Start Visit Module","StartVisit.spec.js","",""
"","68870","TC_FR_005_Verify_Rash_Duration_Accepts_Number_And_Unit","chromium","2026-10-08","passed","2026-10-08","Fever & Rash Protocol - Full Test Suite","Protocol_FeverAndRash.spec.js","",""
"","5829","TC02 - Blank Username","chromium","2026-10-08","passed","2026-10-08","Forgot Password Module","ForgetPassword.spec.js","",""
"","38745","TC_38_Verify_WHR_Calculation","chromium","2026-10-08","passed","2026-10-08","Start Visit Module","StartVisit.spec.js","",""
"","33733","TC_30_Verify_Vitals_Input_Names","chromium","2026-10-08","passed","2026-10-08","Start Visit - Vitals Module","StartVisit_Vitals.spec.js","",""
"","89940","TC_BL_037_Verify_Medication_Yes_Reveals_Text_Field","chromium","2026-10-08","passed","2026-10-08","Abnormal Bleeding Protocol - Full Test Suite","Protocol_AbnormalBleeding.spec.js","",""
"","13216","TC_13_Verify_Contact_Type_Selection","chromium","2026-10-08","passed","2026-10-08","Patient Creation Module","PatientCreation.spec.js","",""
"","38020","TC_33_Verify_BMI_Is_Readonly","chromium","2026-10-08","passed","2026-10-08","Start Visit Module","StartVisit.spec.js","",""
"","48826","TC_AD_041_Verify_Jaundice_History_No","chromium","2026-10-08","passed","2026-10-08","Abdominal Distention Protocol - Full Test Suite","Protocol_AbdominalDistention.spec.js","",""
"","33906","TC_15_Verify_WHR_Recalculates_When_Hip_Changes","chromium","2026-10-08","passed","2026-10-08","Start Visit - Vitals Module","StartVisit_Vitals.spec.js","",""
"","39469","TC_AD_037_Verify_Appetite_Increased","chromium","2026-10-08","passed","2026-10-08","Abdominal Distention Protocol - Full Test Suite","Protocol_AbdominalDistention.spec.js","",""
"","44892","TC_20_Verify_Start_Assessment","chromium","2026-10-08","passed","2026-10-08","Start Visit Module","StartVisit.spec.js","",""
"","134235","TC_FV_061_Verify_Full_Assessment_Completes","chromium","2026-10-08","passed","2026-10-08","Fever Protocol - Full Test Suite","Protocol_Fever.spec.js","",""
"","194774","TC_AB_049_Verify_Medical_History_Confirm_Navigates_To_Visit_Summary","chromium","2026-10-08","passed","2026-10-08","Animal Bites & Insect Stings Protocol - Full Test Suite","Protocol_AnimalBites.spec.js","",""
"","72991","TC_FV_018_Verify_Severity_Moderate_Advances","chromium","2026-10-08","passed","2026-10-08","Fever Protocol - Full Test Suite","Protocol_Fever.spec.js","",""
"","38303","TC_57_Verify_BMI_Status_Overweight","chromium","2026-10-08","passed","2026-10-08","Start Visit Module","StartVisit.spec.js","",""
"","109277","TC_AB_025_Verify_Skin_Rash_Yes_Is_Accepted","chromium","2026-10-08","passed","2026-10-08","Animal Bites & Insect Stings Protocol - Full Test Suite","Protocol_AnimalBites.spec.js","",""
"","179119","TC_BL_064_Verify_Medical_History_Confirm_Navigates_To_Visit_Summary","chromium","2026-10-08","failed","2026-10-08","Abnormal Bleeding Protocol - Full Test Suite","Protocol_AbnormalBleeding.spec.js","",""
"","42024","TC_PE_034_Verify_Nail_Abnormality_Requires_Selection","chromium","2026-10-08","passed","2026-10-08","Physical Examination Module - Full Test Suite","StartVisit_PhysicalExamination.spec.js","",""
"","78145","TC_AP_045_Verify_Menstrual_History_SubQuestions","chromium","2026-10-08","failed","2026-10-08","Abdominal Pain Protocol - Full Test Suite","Protocol_AbdominalPain.spec.js","",""
"","108918","TC_AB_034_Verify_Illness_History_Can_Be_Skipped","chromium","2026-10-08","passed","2026-10-08","Animal Bites & Insect Stings Protocol - Full Test Suite","Protocol_AnimalBites.spec.js","",""
"","113336","TC_AB_045_Verify_Physical_Exam_Starts_After_Assessment","chromium","2026-10-08","passed","2026-10-08","Animal Bites & Insect Stings Protocol - Full Test Suite","Protocol_AnimalBites.spec.js","",""
"","87059","TC_BL_035_Verify_Snakebite_Yes_Advances","chromium","2026-10-08","passed","2026-10-08","Abnormal Bleeding Protocol - Full Test Suite","Protocol_AbnormalBleeding.spec.js","",""
"","78366","TC_FR_017_Verify_Fever_Change_Question_Shows_All_Options","chromium","2026-10-08","passed","2026-10-08","Fever & Rash Protocol - Full Test Suite","Protocol_FeverAndRash.spec.js","",""
"","75693","TC_BL_019_Verify_Amount_Of_Blood_Question_Shows_All_Options","chromium","2026-10-08","passed","2026-10-08","Abnormal Bleeding Protocol - Full Test Suite","Protocol_AbnormalBleeding.spec.js","",""
"","79352","TC_FR_018_Verify_Fever_Change_Alternate_Days_Advances","chromium","2026-10-08","passed","2026-10-08","Fever & Rash Protocol - Full Test Suite","Protocol_FeverAndRash.spec.js","",""
"","45944","TC_AD_008_Verify_Associated_Symptoms_All_No_Advances","chromium","2026-10-08","passed","2026-10-08","Abdominal Distention Protocol - Full Test Suite","Protocol_AbdominalDistention.spec.js","",""
"","125834","TC_AP_028_Verify_Medical_History_Confirm_Navigates_To_Visit_Summary","chromium","2026-10-08","passed","2026-10-08","Abdominal Pain Protocol - Full Test Suite","Protocol_AbdominalPain.spec.js","",""
"","79330","TC_FR_020_Verify_Severity_Question_Shows_All_Options","chromium","2026-10-08","passed","2026-10-08","Fever & Rash Protocol - Full Test Suite","Protocol_FeverAndRash.spec.js","",""
"","33568","TC_05_Verify_BMI_Calculation","chromium","2026-10-08","passed","2026-10-08","Start Visit - Vitals Module","StartVisit_Vitals.spec.js","",""
"","32916","TC_06_Verify_BMI_Normal_Category","chromium","2026-10-08","passed","2026-10-08","Start Visit - Vitals Module","StartVisit_Vitals.spec.js","",""
"","58610","TC_AP_009_Verify_Associated_Symptoms_All_Items_Displayed","chromium","2026-10-08","passed","2026-10-08","Abdominal Pain Protocol - Full Test Suite","Protocol_AbdominalPain.spec.js","",""
"","38585","TC_68_Verify_SpO2_Can_Be_Entered_And_Cleared","chromium","2026-10-08","passed","2026-10-08","Start Visit Module","StartVisit.spec.js","",""
"","114803","TC_AB_039_Verify_Additional_Information_Text_Completes_Assessment","chromium","2026-10-08","passed","2026-10-08","Animal Bites & Insect Stings Protocol - Full Test Suite","Protocol_AnimalBites.spec.js","",""
"","179448","TC_BL_066_Verify_End_To_End_Abnormal_Bleeding_Protocol","chromium","2026-10-08","failed","2026-10-08","Abnormal Bleeding Protocol - Full Test Suite","Protocol_AbnormalBleeding.spec.js","",""
"","91706","TC_BL_048_Verify_Other_Symptom_Yes_Reveals_Text_Field","chromium","2026-10-08","passed","2026-10-08","Abnormal Bleeding Protocol - Full Test Suite","Protocol_AbnormalBleeding.spec.js","",""
"","87646","TC_BL_034_Verify_Snakebite_No_Advances_To_Medication_Question","chromium","2026-10-08","passed","2026-10-08","Abnormal Bleeding Protocol - Full Test Suite","Protocol_AbnormalBleeding.spec.js","",""
"","66029","TC_AD_018_Verify_Abdominal_Tenderness_Question_Displays","chromium","2026-10-08","passed","2026-10-08","Abdominal Distention Protocol - Full Test Suite","Protocol_AbdominalDistention.spec.js","",""
"","75423","TC_PE_023_Verify_Oedema_In_Left_Option_Recorded","chromium","2026-10-08","passed","2026-10-08","Physical Examination Module - Full Test Suite","StartVisit_PhysicalExamination.spec.js","",""
"","140283","TC_BL_056_Verify_Additional_Information_Skip_Completes_Assessment","chromium","2026-10-08","passed","2026-10-08","Abnormal Bleeding Protocol - Full Test Suite","Protocol_AbnormalBleeding.spec.js","",""
"","40075","TC_58_Verify_BMI_Status_Obese","chromium","2026-10-08","passed","2026-10-08","Start Visit Module","StartVisit.spec.js","",""
"","35059","TC_45_Verify_WHR_Is_Automatically_Generated","chromium","2026-10-08","passed","2026-10-08","Start Visit - Vitals Module","StartVisit_Vitals.spec.js","",""
"","35956","TC_PE_045_Verify_Consistent_Flow_Across_Roles","chromium","2026-10-08","passed","2026-10-08","Physical Examination Module - Full Test Suite","StartVisit_PhysicalExamination.spec.js","",""
"","35383","TC_20_Verify_Submit_After_Patient_Description","chromium","2026-10-08","passed","2026-10-08","Start Visit - Visit Reason Module","StartVisit_VisitReason.spec.js","",""
"","5861","TC05 - Blank Mobile Number","chromium","2026-10-08","passed","2026-10-08","Forgot Password Module","ForgetPassword.spec.js","",""
"","48607","TC_PE_051_Verify_AnkleOedema_Question_Title_Displayed","chromium","2026-10-08","passed","2026-10-08","Physical Examination Module - Full Test Suite","StartVisit_PhysicalExamination.spec.js","",""
"","126338","TC_FV_045_Verify_Events_Question_Shows_All_Options_And_Skip","chromium","2026-10-08","passed","2026-10-08","Fever Protocol - Full Test Suite","Protocol_Fever.spec.js","",""
"","40974","TC_PE_011_Verify_Nail_Abnormality_Options_And_Images","chromium","2026-10-08","passed","2026-10-08","Physical Examination Module - Full Test Suite","StartVisit_PhysicalExamination.spec.js","",""
"","137346","TC_BL_050_Verify_Herbal_Question_Can_Be_Skipped","chromium","2026-10-08","passed","2026-10-08","Abnormal Bleeding Protocol - Full Test Suite","Protocol_AbnormalBleeding.spec.js","",""
"","73025","TC_FV_021_Verify_Thermometer_Option_Asks_Yes_Or_No","chromium","2026-10-08","passed","2026-10-08","Fever Protocol - Full Test Suite","Protocol_Fever.spec.js","",""
"","65998","TC_FV_001_Verify_Visit_Reason_Selection_Starts_Assessment","chromium","2026-10-08","passed","2026-10-08","Fever Protocol - Full Test Suite","Protocol_Fever.spec.js","",""
"","59686","TC_AB_031_Verify_Paresthesia_Other_Sensation_Reveals_Text_Field","chromium","2026-10-08","passed","2026-10-08","Animal Bites & Insect Stings Protocol - Full Test Suite","Protocol_AnimalBites.spec.js","",""
"","70278","TC_AD_020_Verify_Umbilicus_Shape_Question_Displays","chromium","2026-10-08","passed","2026-10-08","Abdominal Distention Protocol - Full Test Suite","Protocol_AbdominalDistention.spec.js","",""
"","69860","TC_FV_010_Verify_Timing_Question_Shows_All_Options","chromium","2026-10-08","passed","2026-10-08","Fever Protocol - Full Test Suite","Protocol_Fever.spec.js","",""
"","109077","TC_AB_033_Verify_Illness_History_Question_Shows_All_Options","chromium","2026-10-08","passed","2026-10-08","Animal Bites & Insect Stings Protocol - Full Test Suite","Protocol_AnimalBites.spec.js","",""
"","33856","TC_37_Verify_WHR_After_Multiple_Updates","chromium","2026-10-08","passed","2026-10-08","Start Visit - Vitals Module","StartVisit_Vitals.spec.js","",""
"","159786","MH_021_Verify_Doctor_Specialty_Selector_Present","chromium","2026-10-08","passed","2026-10-08","Medical History Module - Full Test Suite","StartVisit_MedicalHistory.spec.js","",""
"","127559","TC_FV_043_Verify_HIV_AIDS_Asks_Since_When","chromium","2026-10-08","passed","2026-10-08","Fever Protocol - Full Test Suite","Protocol_Fever.spec.js","",""
"","158361","MH_018_Verify_Visit_Summary_Shows_Vitals","chromium","2026-10-08","passed","2026-10-08","Medical History Module - Full Test Suite","StartVisit_MedicalHistory.spec.js","",""
"","42587","TC_25_Verify_Pulse_Required_Validation","chromium","2026-10-08","passed","2026-10-08","Start Visit Module","StartVisit.spec.js","",""
"","149910","TC_FR_063_Verify_Additional_Information_Text_Completes_Assessment","chromium","2026-10-08","passed","2026-10-08","Fever & Rash Protocol - Full Test Suite","Protocol_FeverAndRash.spec.js","",""
"","71995","TC_FV_009_Verify_Nature_Other_Reveals_Text_Field","chromium","2026-10-08","passed","2026-10-08","Fever Protocol - Full Test Suite","Protocol_Fever.spec.js","",""
"","34515","TC_03_Verify_Weight_Input_Attributes","chromium","2026-10-08","passed","2026-10-08","Start Visit - Vitals Module","StartVisit_Vitals.spec.js","",""
"","39938","TC_15_Verify_Blood_Group","chromium","2026-10-08","passed","2026-10-08","Start Visit Module","StartVisit.spec.js","",""
"","71353","TC_FV_007_Verify_Nature_Every_few_hours_Advances","chromium","2026-10-08","passed","2026-10-08","Fever Protocol - Full Test Suite","Protocol_Fever.spec.js","",""
"","69309","MH_009_Verify_Medical_History_Summary_Heading_Displayed","chromium","2026-10-08","passed","2026-10-08","Medical History Module - Full Test Suite","StartVisit_MedicalHistory.spec.js","",""
"","54615","TC_30_Verify_Hip_Circumference_Required_Validation","chromium","2026-10-08","failed","2026-10-08","Start Visit Module","StartVisit.spec.js","",""
"","76410","TC_PE_032_Verify_Reedit_Updates_Summary","chromium","2026-10-08","passed","2026-10-08","Physical Examination Module - Full Test Suite","StartVisit_PhysicalExamination.spec.js","",""
"","6991","API - Valid Login","chromium","2026-10-08","passed","2026-10-08","Login Module","Loginpage.spec.js","",""
"","207232","MH_024_Verify_Upload_Visit_With_Specialty_Proceeds","chromium","2026-10-08","passed","2026-10-08","Medical History Module - Full Test Suite","StartVisit_MedicalHistory.spec.js","",""
"","77557","TC_AP_016_Verify_Full_Assessment_Completes","chromium","2026-10-08","passed","2026-10-08","Abdominal Pain Protocol - Full Test Suite","Protocol_AbdominalPain.spec.js","",""
"","51746","TC_AD_014_Verify_Full_Assessment_Completes","chromium","2026-10-08","passed","2026-10-08","Abdominal Distention Protocol - Full Test Suite","Protocol_AbdominalDistention.spec.js","",""
"","46564","TC_PE_020_Verify_Ankle_Oedema_Question_Displays","chromium","2026-10-08","passed","2026-10-08","Physical Examination Module - Full Test Suite","StartVisit_PhysicalExamination.spec.js","",""
"","135806","TC_FR_049_Verify_Bites_No_Advances","chromium","2026-10-08","passed","2026-10-08","Fever & Rash Protocol - Full Test Suite","Protocol_FeverAndRash.spec.js","",""
"","32431","TC_09_Verify_Invalid_Visit_Reason_Input","chromium","2026-10-08","passed","2026-10-08","Start Visit - Visit Reason Module","StartVisit_VisitReason.spec.js","",""
